time,NIFTY,NIFTY_500,CRUDE,WTI,USDINR
2019-01-01,10910.1,9197.90039063,3177,46.472,69.4475
2019-01-02,10792.5,9103.40039063,3328,46.994,69.98
2019-01-03,10672.25,9014.79980469,3285,48.441,70.1
2019-01-07,10771.8,9081.15039063,3442,50.016,69.72
2019-01-08,10802.15,9098.65039063,3474,52.416,70.13
2019-01-09,10855.15,9127.45019531,3686,52.556,70.55
2019-01-10,10821.6,9119.40039063,3678,51.956,70.41
2019-01-14,10737.6,9051.45019531,3628,52.26,70.74
2019-01-15,10886.8,9157.15039063,3690,52.598,71.06
2019-01-16,10890.3,9158.75,3686,52.488,70.97
2019-01-17,10905.2,9161.59960938,3688,54.059,71.04
2019-01-21,10961.85,9155.29980469,3876,53.024,71.28
2019-01-22,10922.75,9131.15039063,3749,52.446,71.25
2019-01-23,10831.5,9068.84960938,3741,53.234,71.19
2019-01-24,10849.8,9072.20019531,3791,53.648,70.99
2019-01-28,10661.55,8876.59960938,3682,53.352,71.05
2019-01-29,10652.2,8875.65039063,3820,54.312,71.38
2019-01-30,10651.8,8884.90039063,3906,54.14,71.22
2019-01-31,10830.95,9003.84960938,3869,55.493,70.95
2019-02-04,10912.25,9042.0,3919,53.921,71.7
2019-02-05,10934.35,9033.59960938,3845,54.134,71.52
2019-02-06,11062.45,9118.70019531,3881,52.854,71.58
2019-02-07,11069.4,9145.79980469,3727,52.969,71.29
2019-02-11,10888.8,8967.15039063,3719,53.661,71.13
2019-02-12,10831.4,8925.29980469,3782,54.337,70.53
2019-02-13,10793.65,8887.90039063,3843,54.835,70.87
2019-02-14,10746.05,8869.29980469,3867,56.157,71.0
2019-02-18,10640.95,8754.34960938,4011,56.464,71.3425
2019-02-19,10604.35,8742.29980469,4003,57.3,71.29
2019-02-20,10735.45,8845.59960938,4089,56.934,71.0
2019-02-21,10789.85,8901.70019531,4061,57.291,71.13
2019-02-25,10880.1,8983.84960938,3932,56.134,70.87
2019-02-26,10835.3,8953.15039063,3952,57.142,70.95
2019-02-27,10806.65,8946.20019531,4089,57.414,71.19
2019-02-28,10792.5,8955.95019531,4058,55.921,70.83
2019-03-05,10987.45,9173.59960938,4005,56.442,70.48
2019-03-06,11053.0,9230.45019531,3938,56.704,70.09
2019-03-07,11058.2,9225.34960938,3982,56.228,70.09
2019-03-11,11168.05,9345.59960938,3967,57.319,69.73
2019-03-12,11301.2,9440.84960938,3970,58.624,69.65
2019-03-13,11341.7,9450.25,4037,58.792,69.64
2019-03-14,11343.25,9447.20019531,4061,58.684,69.31
2019-03-18,11462.2,9516.70019531,4058,59.248,68.62
2019-03-19,11532.4,9570.15039063,4038,60.055,69.01
2019-03-20,11521.05,9553.0,4119,59.859,68.5
2019-03-25,11354.25,9411.65039063,4095,60.068,68.92
2019-03-26,11483.25,9512.59960938,4150,59.451,68.99
2019-03-27,11445.05,9501.79980469,4119,59.549,69.07
2019-03-28,11570.0,9601.95019531,4111,60.241,69.16
2019-04-01,11669.15,9702.0,4280,62.591,69.19
2019-04-02,11713.2,9720.79980469,4321,62.508,68.91
2019-04-03,11643.95,9658.40039063,4281,62.174,68.44
2019-04-04,11598.0,9626.65039063,4334,63.302,68.97
2019-04-08,11604.5,9634.40039063,4481,64.217,69.55
2019-04-09,11671.95,9677.75,4451,64.486,69.25
2019-04-10,11584.3,9622.95019531,4474,63.782,69.14
2019-04-11,11596.7,9634.54980469,4389,63.875,69.04
2019-04-15,11690.35,9716.5,4403,64.467,69.38
2019-04-16,11787.15,9781.40039063,4431,63.809,69.52
2019-04-22,11594.45,9599.79980469,4593,66.148,69.72
2019-04-23,11575.95,9587.29980469,4641,65.756,69.76
2019-04-24,11726.15,9687.54980469,4629,65.118,69.95
2019-04-25,11641.8,9628.79980469,4637,62.873,70.15
2019-04-30,11748.15,9664.29980469,4467,63.663,69.62
2019-05-02,11724.75,9637.5,4277,61.934,69.4
2019-05-06,11598.25,9532.45019531,4346,61.488,69.31
2019-05-07,11497.9,9450.79980469,4264,62.021,69.63
2019-05-08,11359.45,9340.25,4334,61.662,69.71
2019-05-09,11301.8,9299.75,4327,61.847,70.02
2019-05-13,11148.2,9159.95019531,4312,61.511,70.56
2019-05-14,11222.05,9212.34960938,4352,62.32,70.27
2019-05-15,11157.0,9160.09960938,4366,63.295,70.21
2019-05-16,11257.1,9221.65039063,4420,62.858,70.16
2019-05-20,11828.25,9671.90039063,4360,62.978,69.58
2019-05-21,11709.1,9578.84960938,4415,61.309,69.63
2019-05-22,11737.9,9598.20019531,4276,58.169,69.64
2019-05-23,11657.05,9552.75,4036,59.058,69.62
2019-05-27,11924.75,9804.90039063,4132,59.147,69.495
2019-05-28,11928.75,9815.5,4143,59.129,69.64
2019-05-29,11861.1,9757.15039063,4116,56.467,69.8
2019-05-30,11945.9,9815.29980469,3989,53.384,69.82
2019-06-03,12088.55,9922.59960938,3715,52.926,69.154
2019-06-04,12021.65,9876.20019531,3714,51.794,69.277
2019-06-06,11843.75,9722.5,3582,54.143,69.149
2019-06-10,11922.7,9765.84960938,3754,53.22,69.519
2019-06-11,11965.6,9805.09960938,3720,51.244,69.38
2019-06-12,11906.2,9749.95019531,3596,52.466,69.369
2019-06-13,11914.05,9747.04980469,3643,52.732,69.51
2019-06-17,11672.15,9543.59960938,3645,54.278,69.858
2019-06-18,11691.5,9551.34960938,3732,54.43,69.51
2019-06-19,11691.45,9526.20019531,3738,57.175,69.64
2019-06-20,11831.75,9646.0,3977,57.616,69.51
2019-06-24,11699.65,9564.09960938,3993,58.764,69.246
2019-06-25,11796.45,9632.84960938,4036,59.19,69.313
2019-06-26,11847.55,9682.79980469,4129,59.319,69.19
2019-06-27,11841.55,9692.34960938,4114,58.192,69.067
2019-07-01,11865.6,9713.0,4053,56.382,68.879
2019-07-02,11910.3,9744.84960938,3947,57.482,68.88
2019-07-03,11916.75,9757.29980469,3936,57.06,68.79
2019-07-04,11946.75,9776.79980469,3897,57.786,68.503
2019-07-08,11558.6,9447.79980469,3978,58.432,68.61
2019-07-09,11555.9,9455.65039063,3967,60.386,68.55
2019-07-10,11498.9,9400.09960938,4116,60.448,68.399
2019-07-11,11582.9,9466.40039063,4132,60.434,68.4
2019-07-15,11588.35,9469.15039063,4086,57.596,68.54
2019-07-16,11662.6,9529.84960938,3947,56.679,68.64
2019-07-17,11687.5,9543.34960938,3916,55.826,68.829
2019-07-18,11596.9,9456.15039063,3815,55.912,68.85
2019-07-22,11346.2,9247.75,3894,57.138,68.92
2019-07-23,11331.05,9233.54980469,3916,55.842,69.01
2019-07-24,11271.3,9160.45019531,3908,55.918,68.97
2019-07-25,11252.15,9159.15039063,3908,56.238,69.029
2019-07-29,11189.2,9108.90039063,3905,58.398,68.75
2019-07-30,11085.4,9004.04980469,3987,57.86,68.83
2019-07-31,11118.0,9044.95019531,4032,54.504,68.86
2019-08-01,10980.0,8935.75,3790,55.22,69.053
2019-08-05,10862.6,8831.95019531,3903,53.408,71.17
2019-08-06,10948.25,8918.59960938,3858,52.263,70.896
2019-08-07,10855.5,8854.65039063,3641,52.87,71.23
2019-08-08,11032.45,8979.65039063,3696,54.096,70.41
2019-08-13,10925.85,8890.09960938,4037,54.92,71.399
2019-08-14,11029.4,8971.09960938,3914,54.605,71.27
2019-08-19,11053.9,8997.95019531,3997,56.102,71.438
2019-08-20,11017.0,8957.40039063,4021,55.808,71.535
2019-08-21,10918.7,8864.5,4015,55.292,71.426
2019-08-22,10741.35,8719.25,4016,53.846,71.91
2019-08-26,11057.85,8964.70019531,3868,55.58,71.8
2019-08-27,11105.35,9022.25,3910,55.816,71.53
2019-08-28,11046.1,8970.90039063,4019,56.474,71.795
2019-08-29,10948.3,8906.09960938,4042,54.913,71.68
2019-09-03,10797.9,8802.34960938,3883,55.91,72.159
2019-09-04,10844.65,8833.09960938,4075,56.078,71.99
2019-09-05,10847.9,8846.29980469,4092,56.572,71.893
2019-09-09,11003.05,8972.40039063,4163,57.847,71.746
2019-09-11,11035.7,9015.15039063,4007,55.063,71.549
2019-09-12,10982.8,8981.59960938,3899,54.777,70.939
2019-09-16,11003.5,9009.15039063,4520,58.35,71.559
2019-09-17,10817.6,8853.90039063,4245,58.132,71.37
2019-09-18,10840.65,8877.70019531,4138,58.601,71.13
2019-09-19,10704.8,8766.45019531,4144,58.362,71.37
2019-09-23,11600.2,9486.59960938,4151,56.766,70.785
2019-09-24,11588.2,9474.75,4083,56.536,70.956
2019-09-25,11440.2,9344.15039063,4001,56.467,70.971
2019-09-26,11571.2,9443.79980469,3974,56.077,70.934
2019-09-30,11474.45,9340.90039063,3880,53.871,70.639
2019-10-01,11359.9,9236.40039063,3812,52.393,71.1
2019-10-03,11314.0,9198.40039063,3728,52.916,71.019
2019-10-07,11126.4,9040.65039063,3784,52.511,70.966
2019-10-09,11313.3,9177.95019531,3765,53.923,71.109
2019-10-10,11234.55,9112.75,3785,54.902,70.979
2019-10-14,11341.15,9192.65039063,3815,52.96,71.225
2019-10-15,11428.3,9253.84960938,3824,53.083,71.49
2019-10-16,11464.0,9281.84960938,3818,54.123,71.352
2019-10-17,11586.35,9391.0,3805,53.781,71.119
2019-10-23,11604.1,9458.65039063,3948,56.104,70.719
2019-10-24,11582.6,9437.65039063,4008,56.611,70.959
2019-10-29,11786.85,9598.34960938,3960,54.883,70.879
2019-10-30,11844.1,9647.54980469,3880,54.115,70.951
2019-10-31,11877.45,9689.65039063,3853,56.135,70.978
2019-11-04,11941.3,9732.40039063,4050,57.237,70.786
2019-11-05,11917.2,9694.04980469,4043,56.383,70.769
2019-11-06,11966.05,9721.34960938,4005,57.054,70.999
2019-11-07,12012.05,9764.29980469,4093,57.415,71.044
2019-11-11,11913.45,9695.84960938,4078,56.813,71.559
2019-11-13,11840.45,9633.95019531,4139,56.947,72.139
2019-11-14,11872.1,9650.40039063,4101,57.936,71.953
2019-11-18,11884.5,9668.59960938,4077,55.232,71.94
2019-11-19,11940.1,9702.15039063,3982,57.092,71.819
2019-11-20,11999.1,9744.90039063,4098,58.29,71.742
2019-11-21,11968.4,9712.34960938,4191,57.865,71.739
2019-11-25,12073.75,9802.04980469,4144,58.256,71.684
2019-11-26,12037.7,9762.84960938,4163,58.092,71.469
2019-11-27,12100.7,9815.95019531,4127,58.033,71.249
2019-11-28,12151.15,9869.75,4178,55.201,71.499
2019-12-02,12048.2,9798.0,4008,56.222,71.619
2019-12-03,11994.2,9743.15039063,4039,58.262,71.73
2019-12-04,12043.2,9782.09960938,4184,58.26,71.471
2019-12-05,12018.4,9757.59960938,4161,59.048,71.227
2019-12-09,11937.5,9671.45019531,4197,59.012,70.959
2019-12-10,11856.8,9595.40039063,4195,58.732,70.799
2019-12-11,11910.15,9636.25,4156,59.16,70.699
2019-12-12,11971.8,9691.15039063,4200,59.688,70.559
2019-12-16,12053.95,9753.0,4272,60.462,70.909
2019-12-17,12165.0,9831.34960938,4329,60.772,71.029
2019-12-18,12221.65,9864.54980469,4344,61.074,70.989
2019-12-19,12259.7,9892.29980469,4360,60.308,71.17
2019-12-23,12262.75,9897.65039063,4325,60.931,71.209
2019-12-26,12126.55,9817.20019531,4403,61.563,71.289
2019-12-30,12255.85,9924.70019531,4401,60.91,71.309
2020-01-01,12182.5,9888.54980469,4380,61.011,71.222
2020-01-02,12282.2,9980.0,4343,62.888,71.22
2020-01-06,11993.05,9747.40039063,4538,62.582,71.863
2020-01-07,12052.95,9805.40039063,4494,59.808,71.84
2020-01-08,12025.35,9792.20019531,4260,59.53,71.506
2020-01-09,12215.9,9943.90039063,4237,59.134,71.2
2020-01-13,12329.55,10042.5,4132,58.156,70.699
2020-01-14,12362.3,10075.84960938,4138,58.12,70.839
2020-01-15,12343.3,10087.04980469,4100,58.619,70.709
2020-01-16,12355.5,10110.04980469,4165,58.797,70.952
2020-01-20,12224.55,10025.70019531,4182,58.242,71.03
2020-01-21,12169.85,9987.54980469,4186,56.132,71.16
2020-01-22,12106.9,9947.0,4048,55.688,71.07
2020-01-23,12180.35,10021.40039063,3931,54.262,71.39
2020-01-27,12119.0,9999.59960938,3783,53.908,71.439
2020-01-28,12055.8,9956.95019531,3808,53.076,71.189
2020-01-29,12129.5,10009.29980469,3806,52.994,71.3
2020-01-30,12035.8,9919.20019531,3723,51.636,71.54
2020-02-03,11707.9,9650.54980469,3626,49.55,71.32
2020-02-04,11979.65,9853.04980469,3584,51.364,71.109
2020-02-05,12089.15,9951.34960938,3680,51.232,71.179
2020-02-06,12137.95,10004.20019531,3630,50.568,71.222
2020-02-10,12031.5,9945.65039063,3541,50.098,71.279
2020-02-11,12107.9,9987.04980469,3580,51.848,71.279
2020-02-12,12201.2,10037.09960938,3662,51.794,71.289
2020-02-13,12174.65,10017.75,3675,52.424,71.33
2020-02-17,12045.8,9891.0,3736,52.376,71.319
2020-02-18,11992.5,9845.54980469,3698,53.686,71.569
2020-02-19,12125.9,9970.5,3813,53.738,71.589
2020-02-20,12080.85,9958.65039063,3904,53.338,71.959
2020-02-24,11829.4,9758.20019531,3662,50.078,72.05
2020-02-25,11797.9,9724.70019531,3644,48.652,71.87
2020-02-26,11678.5,9622.70019531,3546,46.36,71.69
2020-02-27,11633.3,9579.34960938,3395,45.376,71.649
2020-03-02,11132.75,9178.79980469,3431,47.152,72.35
2020-03-03,11303.3,9324.29980469,3457,47.296,73.27
2020-03-04,11251.0,9258.25,3507,46.105,73.529
2020-03-05,11269.0,9280.15039063,3431,41.727,73.9
2020-03-09,10451.45,8631.34960938,2458,34.844,74.39
2020-03-11,10458.4,8618.04980469,2483,31.27,74.17
2020-03-12,9590.1504,7901.35009766,2328,33.21,74.571
2020-03-16,9197.4004,7591.89990234,2161,27.21,73.997
2020-03-17,8967.0498,7417.64990234,2095,22.744,74.06
2020-03-18,8468.7998,7010.54980469,1619,25.494,74.546
2020-03-19,8263.4502,6807.20019531,1867,23.725,75.04
2020-03-23,7610.25,6243.0,1814,24.824,76.32
2020-03-24,7801.0498,6365.45019531,1873,25.005,76.369
2020-03-25,8317.8496,6724.0,1959,24.242,75.75
2020-03-26,8641.4502,6993.85009766,1787,23.152,74.74
2020-03-30,8281.0996,6749.20019531,1616,22.076,75.39
2020-03-31,8597.75,6996.75,1680,22.757,75.31
2020-04-01,8253.7998,6761.95019531,1621,26.225,76.57
2020-04-07,8792.2002,7149.0,2064,29.668,75.62
2020-04-08,8748.75,7161.45019531,1894,27.952,75.93
2020-04-13,8993.8496,7360.35009766,1780,27.176,76.245
2020-04-15,8925.2998,7344.35009766,1529,25.915,76.559
2020-04-16,8992.7998,7412.29980469,1561,25.306,76.79
2020-04-20,9261.8496,7614.60009766,995,13.887,76.6
2020-04-21,8981.4502,7395.85009766,1324,15.509,76.97
2020-04-22,9187.2998,7533.79980469,937,18.068,76.4
2020-04-23,9313.9004,7625.29980469,1289,18.32,75.89
2020-04-27,9282.2998,7603.95019531,1066,15.055,76.227
2020-04-28,9380.9004,7672.45019531,1005,17.201,76.06
2020-04-29,9553.3496,7797.20019531,1183,20.635,75.27
2020-04-30,9859.9004,8012.89990234,1315,21.064,75.4
2020-05-04,9293.5,7596.89990234,1555,26.27,75.63
2020-05-05,9205.5996,7523.04980469,1869,25.079,75.93
2020-05-06,9270.9004,7575.5,1801,24.508,76.09
2020-05-07,9199.0498,7520.85009766,1834,25.723,75.785
2020-05-11,9239.2002,7556.39990234,1845,25.829,75.86
2020-05-12,9196.5498,7520.89990234,1948,25.847,75.3
2020-05-13,9383.5498,7667.0,1911,27.978,75.36
2020-05-14,9142.75,7514.54980469,2054,29.722,75.48
2020-05-18,8823.25,7245.25,2401,31.905,75.6
2020-05-19,8879.0996,7284.5,2402,33.557,75.634
2020-05-20,9066.5498,7426.85009766,2520,34.033,75.53
2020-05-21,9106.25,7470.60009766,2563,33.607,75.601
2020-05-26,9029.0498,7424.5,2574,32.198,75.655
2020-05-27,9314.9502,7595.54980469,2512,33.716,75.91
2020-05-28,9490.0996,7732.25,2582,35.504,75.69
2020-06-01,9826.1504,8020.10009766,2669,37.017,75.5
2020-06-02,9979.0996,8137.45019531,2746,36.775,75.05
2020-06-03,10061.55,8203.0,2780,37.492,75.457
2020-06-04,10029.1,8185.89990234,2817,39.036,75.573
2020-06-08,10167.45,8323.95019531,2882,38.504,75.38
2020-06-09,10046.65,8238.09960938,2888,39.23,75.607
2020-06-10,10116.15,8293.34960938,2964,36.273,75.67
2020-06-11,9902.0,8137.0,2782,36.727,75.97
2020-06-15,9813.7002,8086.45019531,2785,38.208,75.779
2020-06-16,9914.0,8152.29980469,2930,37.973,76.42
2020-06-17,9881.1504,8140.45019531,2907,39.032,76.148
2020-06-18,10091.65,8283.65039063,2956,39.464,76.39
2020-06-22,10311.2,8486.45019531,3064,40.09,75.78
2020-06-23,10471.0,8621.09960938,3066,37.993,75.643
2020-06-24,10305.3,8496.25,2893,39.108,75.64
2020-06-25,10288.9,8499.90039063,2947,38.196,75.528
2020-06-29,10312.4,8488.04980469,3000,39.743,75.498
2020-06-30,10302.1,8474.79980469,3015,39.747,75.538
2020-07-01,10430.05,8554.75,3003,40.294,75.438
2020-07-02,10551.7,8647.84960938,3024,40.31,74.738
2020-07-06,10763.65,8815.70019531,3043,40.47,74.628
2020-07-07,10799.65,8850.29980469,3063,40.939,74.803
2020-07-08,10705.75,8785.0,3073,39.721,74.938
2020-07-09,10813.45,8851.5,2986,40.628,75.138
2020-07-13,10802.7,8834.20019531,3055,40.629,75.185
2020-07-14,10607.35,8693.34960938,3035,41.143,75.375
2020-07-15,10618.2,8689.84960938,3094,40.844,75.118
2020-07-16,10739.95,8766.59960938,3065,40.727,75.168
2020-07-20,11022.2,8985.09960938,3060,41.524,74.738
2020-07-21,11162.25,9070.59960938,3124,41.88,74.528
2020-07-22,11132.6,9046.59960938,3135,41.016,74.598
2020-07-23,11215.45,9114.04980469,3116,41.299,74.808
2020-07-27,11131.8,9024.90039063,3117,41.1,74.788
2020-07-28,11300.55,9141.75,3077,41.349,74.905
2020-07-29,11202.85,9096.09960938,3092,40.426,74.921
2020-07-30,11102.15,9031.70019531,2992,40.519,74.873
2020-08-03,10891.6,8932.04980469,3103,41.595,75.178
2020-08-04,11095.25,9074.95019531,3151,42.315,75.058
2020-08-05,11101.65,9088.75,3161,42.073,74.796
2020-08-06,11200.15,9169.09960938,3152,41.738,74.89
2020-08-10,11270.15,9268.54980469,3161,41.787,74.91
2020-08-11,11322.5,9291.0,3131,42.755,74.6
2020-08-12,11308.4,9284.79980469,3178,42.573,74.727
2020-08-13,11300.45,9307.84960938,3159,42.448,74.806
2020-08-17,11247.1,9267.90039063,3194,42.75,74.746
2020-08-18,11385.35,9382.04980469,3193,42.945,74.623
2020-08-19,11408.4,9412.54980469,3202,42.738,74.846
2020-08-20,11312.2,9368.75,3211,42.291,75.012
2020-08-24,11466.45,9498.34960938,3166,43.44,74.169
2020-08-25,11472.25,9509.25,3226,43.48,74.201
2020-08-26,11549.6,9567.15039063,3235,43.048,74.219
2020-08-27,11559.25,9580.70019531,3172,43.034,73.895
2020-08-31,11387.5,9372.04980469,3145,43.104,73.254
2020-09-01,11470.25,9442.25,3145,41.743,73.002
2020-09-02,11535.0,9518.40039063,3059,41.473,73.269
2020-09-03,11527.45,9534.65039063,3044,39.689,73.4
2020-09-07,11355.05,9379.09960938,2899,37.132,73.436
2020-09-08,11317.35,9329.84960938,2705,37.999,73.74
2020-09-09,11278.0,9290.20019531,2804,37.282,73.3
2020-09-10,11449.25,9420.25,2765,37.51,73.56
2020-09-14,11440.05,9493.29980469,2748,38.604,73.39
2020-09-15,11521.8,9573.34960938,2828,40.36,73.6
2020-09-16,11604.55,9632.5,2940,41.169,73.48
2020-09-17,11516.1,9566.75,3024,41.166,73.6
2020-09-21,11250.55,9313.0,2857,39.792,73.57
2020-09-22,11153.65,9213.90039063,2920,39.568,73.51
2020-09-23,11131.85,9194.34960938,2947,40.226,73.57
2020-09-24,10805.55,8944.75,2973,40.136,73.897
2020-09-28,11227.55,9330.25,2989,39.192,73.76
2020-09-29,11222.4,9319.70019531,2877,39.945,73.778
2020-09-30,11247.55,9341.75,2934,38.744,73.54
2020-10-01,11416.95,9461.70019531,2837,37.193,73.192
2020-10-05,11503.35,9516.29980469,2899,40.031,73.08
2020-10-06,11662.4,9622.34960938,2972,40.231,73.399
2020-10-07,11738.85,9654.5,2916,41.443,73.345
2020-10-08,11834.6,9711.79980469,3025,40.748,73.325
2020-10-12,11930.95,9745.34960938,2889,40.39,73.358
2020-10-13,11934.5,9736.45019531,2958,41.319,73.454
2020-10-14,11971.05,9763.40039063,3004,41.172,73.24
2020-10-15,11680.35,9550.04980469,2994,40.966,73.42
2020-10-19,11873.05,9709.29980469,2998,41.197,73.35
2020-10-20,11896.8,9733.0,3045,40.001,73.44
2020-10-21,11937.65,9756.59960938,2950,40.655,73.65
2020-10-22,11896.45,9745.04980469,2998,39.783,73.66
2020-10-26,11767.75,9647.65039063,2846,39.053,73.917
2020-10-27,11889.4,9748.29980469,2934,37.463,73.82
2020-10-28,11729.6,9632.34960938,2772,36.207,74.17
2020-10-29,11670.8,9593.40039063,2698,35.895,74.39
2020-11-02,11669.15,9595.95019531,2731,38.282,74.507
2020-11-03,11813.5,9696.29980469,2820,39.303,74.601
2020-11-04,11908.5,9764.59960938,2897,38.657,74.19
2020-11-05,12120.3,9935.34960938,2871,37.638,73.926
2020-11-09,12461.05,10176.34960938,3001,41.966,73.95
2020-11-10,12631.1,10269.0,3058,41.684,74.28
2020-11-11,12749.15,10356.5,3124,41.17,74.482
2020-11-12,12690.8,10342.70019531,3123,40.353,74.63
2020-11-17,12874.2,10524.0,3049,41.801,74.47
2020-11-18,12938.25,10588.34960938,3124,41.916,74.11
2020-11-19,12771.7,10477.5,3078,42.416,74.1
2020-11-23,12926.45,10635.95019531,3195,44.847,74.25
2020-11-24,13055.15,10733.59960938,3333,45.937,74.083
2020-11-25,12858.4,10574.95019531,3400,44.884,73.768
2020-11-26,12987.0,10674.04980469,3324,45.712,73.827
2020-12-01,13109.05,10835.15039063,3287,44.967,73.68
2020-12-02,13113.75,10858.15039063,3359,45.677,73.8
2020-12-03,13133.9,10893.59960938,3385,46.192,73.809
2020-12-07,13355.75,11070.25,3426,45.694,73.74
2020-12-08,13392.95,11088.65039063,3371,45.841,73.68
2020-12-09,13529.1,11181.20019531,3377,47.084,73.712
2020-12-10,13478.3,11141.34960938,3477,46.635,73.723
2020-12-14,13558.15,11215.25,3435,47.747,73.643
2020-12-15,13567.85,11223.90039063,3490,48.078,73.55
2020-12-16,13682.7,11320.09960938,3520,48.549,73.64
2020-12-17,13740.7,11346.34960938,3547,49.263,73.52
2020-12-21,13328.4,10964.25,3529,46.808,74.013
2020-12-22,13466.3,11075.75,3484,48.088,73.853
2020-12-23,13601.1,11225.54980469,3566,48.272,73.77
2020-12-28,13873.2,11434.70019531,3540,48.106,73.5
2020-12-29,13932.6,11467.0,3527,48.401,73.39
2020-12-30,13981.95,11509.65039063,3518,48.473,73.119
2021-01-04,14132.9,11691.79980469,3494,49.94,73.07
2021-01-05,14199.5,11767.0,3664,50.489,73.105
2021-01-06,14146.25,11737.90039063,3721,50.921,73.118
2021-01-07,14137.35,11766.09960938,3738,52.648,73.46
2021-01-11,14484.75,12006.5,3847,53.305,73.456
2021-01-12,14563.45,12058.34960938,3886,52.892,73.232
2021-01-13,14564.85,12041.09960938,3871,53.72,73.14
2021-01-14,14595.6,12069.5,3899,52.1,73.065
2021-01-18,14281.3,11776.20019531,3813,53.005,73.181
2021-01-19,14521.15,11981.84960938,3872,52.919,73.16
2021-01-20,14644.7,12078.34960938,3910,53.003,72.91
2021-01-21,14590.35,12015.95019531,3894,52.003,72.97
2021-01-25,14238.9,11743.70019531,3839,52.69,72.97
2021-01-27,13967.5,11546.34960938,3893,52.083,73.06
2021-01-28,13817.55,11442.54980469,3827,52.092,72.93
2021-02-01,14281.2,11770.15039063,3905,54.975,73.11
2021-02-02,14647.85,12053.25,4005,55.807,72.96
2021-02-03,14789.95,12174.04980469,4070,56.351,72.81
2021-02-04,14895.65,12285.84960938,4110,56.906,72.965
2021-02-08,15115.8,12441.29980469,4231,58.3,72.9
2021-02-09,15109.3,12434.20019531,4257,58.226,72.86
2021-02-10,15106.5,12452.45019531,4285,57.798,72.79
2021-02-11,15173.3,12514.09960938,4241,59.613,72.7
2021-02-15,15314.7,12632.04980469,4369,60.167,72.618
2021-02-16,15313.45,12647.20019531,4364,61.623,72.92
2021-02-17,15208.9,12597.45019531,4414,60.185,72.815
2021-02-18,15118.95,12565.70019531,4410,58.924,72.59
2021-02-22,14675.7,12212.54980469,4435,61.105,72.44
2021-02-23,14707.8,12263.70019531,4475,63.385,72.38
2021-02-24,14982.0,12455.20019531,4568,63.389,72.21
2021-02-25,15097.35,12567.84960938,4622,61.499,72.741
2021-03-01,14761.55,12368.29980469,4451,59.373,73.395
2021-03-02,14919.1,12519.40039063,4468,60.901,73.25
2021-03-03,15245.6,12764.79980469,4525,63.903,72.91
2021-03-04,15080.75,12688.84960938,4707,66.245,73.16
2021-03-08,14956.2,12558.95019531,4769,63.756,73.32
2021-03-09,15098.4,12617.20019531,4680,64.622,72.8
2021-03-10,15174.8,12691.34960938,4645,65.908,72.718
2021-03-15,14929.5,12510.15039063,4745,64.968,72.53
2021-03-16,14910.45,12512.70019531,4704,64.451,72.51
2021-03-17,14721.3,12319.90039063,4664,59.596,72.4
2021-03-18,14557.85,12174.45019531,4434,61.359,72.67
2021-03-22,14736.4,12338.59960938,4477,57.345,72.37
2021-03-23,14814.75,12417.29980469,4233,60.87,72.51
2021-03-24,14549.4,12197.20019531,4447,58.382,72.58
2021-03-25,14324.9,11993.29980469,4255,60.77,72.66
2021-03-30,14845.1,12387.90039063,4455,59.391,73.44
2021-03-31,14690.7,12313.70019531,4384,61.267,73.137
2021-04-05,14637.8,12298.59960938,4281,59.266,73.32
2021-04-06,14683.5,12358.09960938,4367,59.637,73.486
2021-04-07,14819.05,12481.29980469,4444,59.78,74.352
2021-04-08,14873.8,12541.65039063,4438,59.363,74.561
2021-04-12,14310.8,12024.09960938,4478,60.494,74.98
2021-04-13,14504.8,12186.70019531,4528,62.826,75.26
2021-04-15,14581.45,12237.59960938,4742,63.12,74.81
2021-04-19,14359.45,12076.45019531,4748,62.328,74.85
2021-04-20,14296.4,12055.40039063,4726,61.009,75.44
2021-04-22,14406.15,12132.04980469,4625,62.018,75.11
2021-04-26,14485.0,12216.84960938,4658,62.999,74.69
2021-04-27,14653.05,12362.54980469,4676,63.578,74.58
2021-04-28,14864.55,12517.95019531,4778,64.726,74.489
2021-04-29,14894.9,12532.79980469,4817,63.386,74.073
2021-05-03,14634.15,12395.25,4783,66.032,73.9
2021-05-04,14496.5,12300.45019531,4842,65.201,73.76
2021-05-05,14617.85,12413.0,4826,64.851,73.81
2021-05-06,14724.8,12501.90039063,4790,64.82,73.59
2021-05-10,14942.35,12669.90039063,4778,65.402,73.43
2021-05-11,14850.75,12642.25,4800,65.825,73.37
2021-05-12,14696.5,12537.95019531,4884,63.789,73.53
2021-05-17,14923.15,12672.09960938,4859,65.307,73.296
2021-05-18,15108.1,12839.09960938,4774,63.307,73.05
2021-05-19,15030.15,12809.0,4632,61.746,73.2
2021-05-20,14906.05,12736.45019531,4550,63.878,73.01
2021-05-24,15197.7,12962.45019531,4825,65.933,72.83
2021-05-25,15208.45,12963.0,4833,66.078,72.778
2021-05-26,15301.45,13022.20019531,4823,66.773,72.64
2021-05-27,15337.85,13066.25,4851,66.543,72.7
2021-05-31,15582.8,13226.34960938,4870,67.862,72.511
2021-06-01,15574.85,13210.40039063,4943,68.684,72.85
2021-06-02,15576.2,13274.25,5026,68.795,72.95
2021-06-03,15690.35,13380.5,5011,69.262,73.006
2021-06-07,15751.65,13479.65039063,5048,69.864,72.786
2021-06-08,15740.1,13496.54980469,5089,69.614,72.93
2021-06-09,15635.35,13396.40039063,5090,69.914,72.98
2021-06-10,15737.75,13517.20019531,5120,70.574,73.1
2021-06-14,15811.85,13554.15039063,5191,72.163,73.18
2021-06-15,15869.25,13607.79980469,5280,71.432,73.35
2021-06-16,15767.55,13510.59960938,5277,70.728,73.27
2021-06-17,15691.4,13425.15039063,5242,71.064,74.149
2021-06-21,15746.5,13456.09960938,5468,72.945,74.13
2021-06-22,15772.75,13491.09960938,5418,73.106,74.33
2021-06-23,15686.95,13423.34960938,5440,73.15,74.14
2021-06-24,15790.45,13468.25,5437,73.743,74.144
2021-06-28,15814.7,13533.04980469,5414,73.138,74.27
2021-06-29,15748.45,13481.95019531,5427,73.146,74.29
2021-06-30,15721.5,13473.54980469,5492,74.44,74.36
2021-07-01,15680.0,13454.09960938,5607,74.566,74.56
2021-07-05,15834.35,13585.75,5687,73.199,74.294
2021-07-06,15818.25,13574.15039063,5497,71.69,74.74
2021-07-07,15879.65,13631.0,5392,72.655,74.805
2021-07-08,15727.9,13532.70019531,5423,73.991,74.73
2021-07-12,15692.6,13549.0,5498,74.685,74.53
2021-07-13,15812.35,13628.84960938,5609,72.426,74.57
2021-07-14,15853.95,13661.09960938,5451,71.161,74.46
2021-07-15,15924.2,13720.34960938,5381,71.117,74.54
2021-07-19,15752.4,13619.84960938,4964,66.413,74.851
2021-07-20,15632.1,13495.59960938,5012,70.052,74.53
2021-07-22,15824.05,13670.20019531,5343,71.959,74.45
2021-07-26,15824.45,13675.09960938,5356,71.736,74.33
2021-07-27,15746.45,13610.29980469,5334,72.115,74.498
2021-07-28,15709.4,13579.15039063,5403,73.09,74.5
2021-07-29,15778.45,13643.75,5447,73.334,74.246
2021-08-02,15885.15,13783.70019531,5298,70.0,74.354
2021-08-03,16130.75,13939.20019531,5238,67.773,74.249
2021-08-04,16258.8,13969.34960938,5082,68.878,74.149
2021-08-05,16294.6,13981.54980469,5122,67.759,74.098
2021-08-09,16258.25,13935.04980469,4954,68.284,74.475
2021-08-10,16280.1,13892.75,5112,69.123,74.43
2021-08-11,16282.25,13876.54980469,5146,68.753,74.14
2021-08-12,16364.4,13971.95019531,5138,67.777,74.293
2021-08-16,16563.051,14070.79980469,5006,66.266,74.16
2021-08-17,16614.6,14113.09960938,4956,64.184,74.37
2021-08-18,16568.85,14095.54980469,4872,63.622,74.27
2021-08-23,16496.449,13930.54980469,4887,67.554,74.12
2021-08-24,16624.6,14063.25,5021,67.936,74.135
2021-08-25,16634.65,14093.59960938,5057,67.684,74.11
2021-08-26,16636.9,14106.95019531,5044,68.573,74.14
2021-08-30,16931.051,14397.90039063,5071,68.377,73.292
2021-08-31,17132.199,14555.90039063,5026,68.075,72.947
2021-09-01,17076.25,14551.34960938,4993,69.581,72.994
2021-09-02,17234.15,14684.34960938,5136,69.026,72.996
2021-09-06,17377.801,14805.84960938,5034,68.216,73.073
2021-09-07,17362.1,14784.25,5013,69.202,73.44
2021-09-08,17353.5,14803.59960938,5095,67.754,73.841
2021-09-09,17369.25,14836.45019531,4996,69.443,73.56
2021-09-13,17355.301,14852.20019531,5181,70.516,73.55
2021-09-14,17380.0,14904.34960938,5178,72.359,73.64
2021-09-15,17519.449,15020.54980469,5335,72.324,73.465
2021-09-16,17629.5,15104.90039063,5351,71.75,73.556
2021-09-20,17396.9,14826.75,5200,70.788,73.64
2021-09-21,17562.0,14946.29980469,5208,71.897,73.707
2021-09-22,17546.65,14990.54980469,5324,73.131,73.8
2021-09-23,17822.949,15205.45019531,5425,73.874,73.8
2021-09-27,17855.1,15189.04980469,5579,74.198,73.858
2021-09-28,17748.6,15095.59960938,5587,74.473,74.207
2021-09-29,17711.301,15086.95019531,5576,74.949,74.308
2021-09-30,17618.15,15052.65039063,5571,75.527,74.17
2021-10-04,17691.25,15181.15039063,5825,78.907,74.568
2021-10-05,17822.301,15280.09960938,5895,76.699,74.54
2021-10-06,17646.0,15134.54980469,5816,78.549,74.758
2021-10-07,17790.35,15290.15039063,5860,79.04,74.805
2021-10-11,17945.949,15428.0,6107,79.884,75.393
2021-10-12,17991.949,15481.90039063,6094,79.993,75.483
2021-10-13,18161.75,15631.40039063,6062,80.94,75.281
2021-10-14,18338.551,15769.25,6098,81.813,74.97
2021-10-18,18477.051,15886.15039063,6176,82.308,75.19
2021-10-19,18418.75,15757.84960938,6287,83.439,75.105
2021-10-20,18266.6,15568.65039063,6219,82.368,74.785
2021-10-21,18178.1,15487.65039063,6142,83.793,74.864
2021-10-25,18125.4,15334.34960938,6311,84.047,75.087
2021-10-26,18268.4,15499.65039063,6360,81.616,74.898
2021-10-27,18210.949,15484.34960938,6220,82.5,75.01
2021-10-28,17857.25,15190.84960938,6184,82.5,74.79
2021-11-01,17929.65,15302.70019531,6293,82.228,74.845
2021-11-02,17888.949,15314.65039063,6253,79.395,74.639
2021-11-03,17829.199,15282.75,6053,78.674,74.43
2021-11-04,17916.801,15376.90039063,6193,80.305,74.464
2021-11-08,18068.551,15520.15039063,6058,83.282,73.899
2021-11-09,18044.25,15541.95019531,6206,80.178,74.17
2021-11-10,18017.199,15521.09960938,6072,80.165,74.393
2021-11-11,17873.6,15411.09960938,6025,79.693,74.3
2021-11-15,18109.449,15592.59960938,5963,79.653,74.381
2021-11-16,17999.199,15525.40039063,6037,77.306,74.452
2021-11-17,17898.65,15454.95019531,5827,78.196,74.248
2021-11-18,17764.801,15302.54980469,5846,75.631,74.16
2021-11-22,17416.551,14976.70019531,5710,78.371,74.423
2021-11-23,17503.35,15107.79980469,5883,78.139,74.435
2021-11-24,17415.051,15046.5,5861,78.093,74.585
2021-11-25,17536.25,15150.59960938,5837,68.081,74.478
2021-11-29,17053.949,14656.45019531,5343,66.818,75.033
2021-11-30,16983.199,14648.34960938,4896,65.575,75.09
2021-12-01,17166.9,14784.70019531,5006,67.294,75.009
2021-12-02,17401.65,14973.95019531,4967,66.239,74.962
2021-12-06,16912.25,14618.34960938,5199,71.636,75.394
2021-12-07,17176.699,14834.5,5470,72.528,75.416
2021-12-08,17469.75,15073.25,5468,70.498,75.355
2021-12-09,17516.85,15126.59960938,5406,71.787,75.555
2021-12-13,17368.25,15064.25,5438,70.023,75.778
2021-12-14,17324.9,15043.25,5348,71.283,75.985
2021-12-15,17221.4,14953.09960938,5394,71.701,76.34
2021-12-16,17248.4,14936.45019531,5522,70.008,76.217
2021-12-20,16614.199,14300.70019531,5148,71.245,75.819
2021-12-21,16770.85,14461.40039063,5421,72.89,75.648
2021-12-22,16955.449,14639.75,5468,73.687,75.47
2021-12-27,17086.25,14727.59960938,5673,75.876,74.96
2021-12-28,17233.25,14867.84960938,5683,76.432,74.7
2021-12-29,17213.6,14863.40039063,5703,76.31,74.576
2021-12-30,17203.949,14842.04980469,5735,75.131,74.4
2022-01-03,17625.699,15204.59960938,5677,76.975,74.369
2022-01-04,17805.25,15318.75,5761,76.885,74.502
2022-01-05,17925.25,15396.40039063,5828,79.148,74.27
2022-01-06,17745.9,15290.09960938,5899,78.431,74.38
2022-01-10,18003.301,15495.54980469,5795,80.724,74.02
2022-01-11,18055.75,15530.54980469,6004,82.177,73.781
2022-01-12,18212.35,15667.90039063,6113,81.128,73.766
2022-01-13,18257.801,15721.04980469,6081,83.706,73.937
2022-01-17,18308.1,15781.25,6261,85.799,74.258
2022-01-18,18113.051,15573.09960938,6332,84.988,74.56
2022-01-19,17938.4,15472.5,6478,84.314,74.438
2022-01-20,17757.0,15361.09960938,6397,84.611,74.446
2022-01-24,17149.1,14712.04980469,6240,84.726,74.644
2022-01-25,17277.949,14832.20019531,6378,86.833,74.771
2022-01-27,17110.15,14679.70019531,6555,86.766,75.221
2022-01-31,17339.85,14921.45019531,6561,87.424,74.539
2022-02-01,17576.85,15116.20019531,6569,87.056,74.724
2022-02-02,17780.0,15293.34960938,6577,88.971,74.796
2022-02-03,17560.199,15135.90039063,6641,90.655,74.639
2022-02-07,17213.6,14870.59960938,6800,88.72,74.638
2022-02-08,17266.75,14857.04980469,6700,89.011,74.69
2022-02-09,17463.801,15016.34960938,6675,88.882,74.778
2022-02-10,17605.85,15112.20019531,6799,92.261,75.34
2022-02-14,16842.801,14400.40039063,7108,90.233,75.658
2022-02-15,17352.449,14805.54980469,6891,88.822,75.134
2022-02-16,17322.199,14789.90039063,7047,89.799,74.992
2022-02-17,17304.6,14772.04980469,6841,90.651,75.063
2022-02-21,17206.65,14597.09960938,6868,91.365,74.495
2022-02-22,17092.199,14489.04980469,6917,91.998,74.62
2022-02-23,17063.25,14506.95019531,6879,92.567,74.64
2022-02-24,16247.95,13775.70019531,7275,91.384,75.656
2022-02-28,16793.9,14307.95019531,7291,104.844,75.499
2022-03-02,16605.949,14199.79980469,8243,106.34,75.621
2022-03-03,16498.051,14135.95019531,8340,113.313,75.943
2022-03-07,15863.15,13564.25,9284,121.814,76.92
2022-03-08,16013.45,13706.75,9438,107.475,76.86
2022-03-09,16345.35,13979.59960938,8513,103.455,76.355
2022-03-10,16594.9,14189.0,8154,106.703,76.297
2022-03-14,16871.301,14374.59960938,7829,93.727,76.48
2022-03-15,16663.0,14215.84960938,7381,93.965,76.28
2022-03-16,16975.35,14481.79980469,7296,101.918,76.19
2022-03-17,17287.051,14721.70019531,7771,103.618,75.947
2022-03-21,17117.6,14602.34960938,8390,108.129,76.28
2022-03-22,17315.5,14724.04980469,8409,113.574,76.12
2022-03-23,17245.65,14695.15039063,8731,110.454,76.5
2022-03-24,17222.75,14699.34960938,8666,111.937,76.3
2022-03-28,17222.0,14675.84960938,8137,104.435,76.12
2022-03-29,17325.301,14761.90039063,7910,106.436,75.63
2022-03-30,17498.25,14896.90039063,8115,100.063,75.84
2022-03-31,17464.75,14894.5,7766,98.612,75.931
2022-04-04,18053.4,15384.20019531,7715,100.264,75.429
2022-04-05,17957.4,15390.5,7785,96.359,75.4
2022-04-06,17807.65,15327.90039063,7394,96.64,75.929
2022-04-07,17639.551,15201.25,7278,97.432,75.891
2022-04-11,17674.949,15325.5,7176,100.509,75.829
2022-04-12,17530.301,15164.70019531,7644,103.683,76.12
2022-04-13,17475.65,15138.54980469,7908,105.866,76.105
2022-04-18,17173.65,14926.04980469,8337,102.163,76.259
2022-04-19,16958.65,14726.65039063,7861,102.292,76.419
2022-04-20,17136.551,14850.29980469,7857,103.883,76.259
2022-04-21,17392.6,15053.95019531,7865,101.367,76.245
2022-04-25,16953.949,14673.0,7449,101.642,76.53
2022-04-26,17200.801,14898.34960938,7869,101.544,76.75
2022-04-27,17038.4,14756.0,7787,104.251,76.607
2022-04-28,17245.051,14913.90039063,8037,103.287,76.63
2022-05-02,17069.1,14736.29980469,8059,102.614,76.52
2022-05-04,16677.6,14393.34960938,8225,107.548,76.246
2022-05-05,16682.65,14395.5,8265,109.46,76.519
2022-05-09,16301.85,13991.75,7979,98.532,77.35
2022-05-10,16240.05,13855.95019531,7754,104.21,77.202
2022-05-11,16167.1,13771.79980469,8155,105.207,77.349
2022-05-12,15808.0,13465.25,8174,108.353,77.43
2022-05-16,15842.3,13571.20019531,8873,110.566,77.811
2022-05-17,16259.3,13926.04980469,8849,106.639,77.454
2022-05-18,16240.3,13918.20019531,8510,108.918,77.81
2022-05-19,15809.4,13550.90039063,8619,109.815,77.4
2022-05-23,16214.7,13835.79980469,8543,109.543,77.527
2022-05-24,16125.15,13747.25,8512,109.972,77.448
2022-05-25,16025.8,13587.75,8549,113.305,77.519
2022-05-26,16170.15,13722.54980469,8872,113.855,77.644
2022-05-30,16661.4,14154.79980469,9080,114.019,77.527
2022-05-31,16584.551,14119.59960938,9026,113.508,77.582
2022-06-01,16522.75,14082.90039063,9013,115.975,77.529
2022-06-02,16628.0,14167.95019531,9045,118.714,77.371
2022-06-06,16569.551,14054.09960938,9225,118.193,77.796
2022-06-07,16416.35,13935.59960938,9169,120.663,77.646
2022-06-08,16356.25,13886.90039063,9524,119.438,77.686
2022-06-09,16478.1,13977.09960938,9473,118.188,77.8
2022-06-13,15774.4,13416.90039063,9443,116.466,78.076
2022-06-14,15732.1,13388.29980469,9398,113.504,77.994
2022-06-15,15692.15,13380.84960938,9148,114.378,78.138
2022-06-16,15360.6,13089.20019531,9164,108.32,77.899
2022-06-20,15350.15,12950.75,8504,109.39,77.893
2022-06-21,15638.8,13241.90039063,8556,103.857,78.111
2022-06-22,15413.3,13047.75,8351,103.335,78.18
2022-06-23,15556.65,13178.79980469,8222,106.175,78.111
2022-06-27,15832.05,13444.54980469,8638,110.76,78.42
2022-06-28,15850.2,13464.25,8812,108.243,78.968
2022-06-29,15799.1,13417.84960938,8774,104.549,78.91
2022-06-30,15780.25,13387.54980469,8387,106.747,78.95
2022-07-04,15835.35,13472.65039063,8722,97.863,78.909
2022-07-05,15810.85,13461.84960938,7781,95.713,79.271
2022-07-06,15989.8,13631.29980469,7766,99.687,79.02
2022-07-07,16132.9,13765.59960938,8195,102.387,79.14
2022-07-11,16216.0,13886.84960938,8254,93.415,79.41
2022-07-12,16058.3,13779.0,7664,94.253,79.46
2022-07-13,15966.65,13726.95019531,7672,93.709,79.65
2022-07-14,15938.65,13702.65039063,7595,94.26,79.89
2022-07-18,16278.5,13984.40039063,8135,100.187,80.0
2022-07-19,16340.55,14051.65039063,8311,99.369,79.86
2022-07-20,16520.85,14164.40039063,8009,96.091,79.98
2022-07-21,16605.25,14271.79980469,7778,94.687,79.86
2022-07-25,16631.0,14279.5,7713,94.835,79.691
2022-07-26,16483.85,14141.45019531,7665,97.504,79.852
2022-07-27,16641.801,14262.54980469,7823,96.547,79.845
2022-07-28,16929.6,14469.09960938,7716,97.362,79.627
2022-08-01,17340.051,14846.84960938,7426,93.058,78.967
2022-08-02,17345.449,14876.59960938,7518,90.457,78.587
2022-08-03,17388.15,14878.04980469,7261,87.161,79.07
2022-08-04,17382.0,14892.45019531,7034,87.904,79.15
2022-08-08,17525.1,14993.34960938,7185,89.834,79.587
2022-08-10,17534.75,14985.79980469,7289,93.347,79.051
2022-08-11,17659.0,15095.15039063,7526,91.284,79.56
2022-08-16,17825.25,15280.5,6870,87.041,79.24
2022-08-17,17944.25,15379.04980469,6996,89.95,79.35
2022-08-18,17956.5,15404.59960938,7282,89.582,79.73
2022-08-22,17490.699,15001.75,7162,93.705,79.85
2022-08-23,17577.5,15090.5,7502,95.189,79.849
2022-08-24,17604.949,15140.40039063,7536,92.884,79.792
2022-08-25,17522.449,15100.65039063,7470,92.717,79.869
2022-08-29,17312.9,14972.75,7737,92.08,79.954
2022-08-30,17759.301,15325.04980469,7336,88.546,79.678
2022-09-01,17542.801,15211.20019531,6927,86.809,79.685
2022-09-05,17665.801,15294.40039063,7119,86.66,79.788
2022-09-06,17655.6,15313.04980469,6933,81.503,79.887
2022-09-07,17624.4,15319.40039063,6610,82.131,79.617
2022-09-08,17798.75,15440.70019531,6699,85.797,79.697
2022-09-12,17936.35,15577.40039063,6975,87.168,79.313
2022-09-13,18070.051,15669.84960938,6928,88.604,79.577
2022-09-14,18003.75,15630.70019531,7114,84.474,79.444
2022-09-15,17877.4,15580.34960938,6831,84.918,79.83
2022-09-19,17622.25,15293.54980469,6806,84.157,79.686
2022-09-20,17816.25,15470.34960938,6744,82.886,79.73
2022-09-21,17718.35,15361.25,6742,83.401,79.923
2022-09-22,17629.801,15335.29980469,6807,79.216,81.04
2022-09-26,17016.301,14725.70019531,6334,77.725,81.61
2022-09-27,17007.4,14727.29980469,6473,81.49,81.707
2022-09-28,16858.6,14620.59960938,6685,81.219,81.411
2022-09-29,16818.1,14602.5,6700,79.266,81.471
2022-10-03,16887.35,14638.5,6817,85.741,81.49
2022-10-04,17274.301,14965.79980469,7058,87.455,81.452
2022-10-06,17331.801,15053.04980469,7266,92.333,82.328
2022-10-10,17241.0,14951.65039063,7597,87.391,82.397
2022-10-11,16983.551,14721.90039063,7367,86.001,82.254
2022-10-12,17123.6,14829.95019531,7194,88.203,82.179
2022-10-13,17014.35,14730.29980469,7353,84.627,82.172
2022-10-17,17311.801,14906.15039063,7080,82.827,82.175
2022-10-18,17486.949,15056.54980469,6888,84.681,82.281
2022-10-19,17512.25,15068.59960938,7033,84.853,83.008
2022-10-20,17563.949,15112.09960938,7091,84.881,82.744
2022-10-24,17730.75,15198.75,7047,84.698,82.746
2022-10-25,17656.35,15158.09960938,7051,87.901,82.515
2022-10-27,17736.949,15244.25,7362,87.791,82.364
2022-10-31,18012.199,15424.0,7101,87.823,82.745
2022-11-01,18145.4,15537.40039063,7314,88.718,82.608
2022-11-02,18082.85,15497.54980469,7435,87.324,82.712
2022-11-03,18052.699,15484.70019531,7341,91.786,82.726
2022-11-07,18202.801,15615.15039063,7565,87.948,81.82
2022-11-09,18157.0,15567.25,7064,85.522,81.333
2022-11-10,18028.199,15440.0,7031,88.185,80.624
2022-11-14,18329.15,15650.20019531,6981,86.253,80.965
2022-11-15,18403.4,15693.90039063,7057,84.638,81.061
2022-11-16,18409.65,15663.29980469,6947,81.827,81.444
2022-11-17,18343.9,15597.25,6692,80.245,81.58
2022-11-21,18159.949,15453.79980469,6581,81.011,81.699
2022-11-22,18244.199,15509.20019531,6720,77.431,81.714
2022-11-23,18267.25,15538.15039063,6389,78.154,81.604
2022-11-24,18484.1,15680.79980469,6420,76.328,81.613
2022-11-28,18562.75,15784.45019531,6340,78.98,81.64
2022-11-29,18618.051,15812.45019531,6422,80.475,81.623
2022-11-30,18758.35,15946.15039063,6571,81.346,81.353
2022-12-01,18812.5,16003.95019531,6673,80.307,81.167
2022-12-05,18701.051,15967.20019531,6415,74.581,81.89
2022-12-06,18642.75,15922.84960938,6153,72.571,82.418
2022-12-07,18560.5,15862.0,6026,71.867,82.24
2022-12-08,18609.35,15911.09960938,5968,71.663,82.281
2022-12-12,18497.15,15828.0,6088,75.289,82.609
2022-12-13,18608.0,15904.5,6254,77.424,82.375
2022-12-14,18660.301,15963.79980469,6402,76.378,82.507
2022-12-15,18414.9,15783.79980469,6386,74.625,82.825
2022-12-19,18420.449,15755.20019531,6252,75.96,82.649
2022-12-20,18385.301,15726.20019531,6319,78.399,82.584
2022-12-21,18199.1,15527.54980469,6506,78.149,82.877
2022-12-22,18127.35,15431.5,6435,79.38,82.96
2022-12-26,18014.6,15298.54980469,6652,79.858,82.65
2022-12-27,18132.301,15418.34960938,6689,78.795,82.856
2022-12-28,18122.5,15432.79980469,6516,78.782,82.85
2022-12-29,18191.0,15485.20019531,6473,80.513,82.84
2023-01-02,18197.449,15523.65039063,6608,77.3,82.725
2023-01-03,18232.551,15557.79980469,6475,73.329,82.754
2023-01-04,18042.949,15393.0,6122,74.054,82.663
2023-01-05,17992.15,15386.20019531,6148,73.899,82.548
2023-01-09,18101.199,15450.09960938,6192,74.897,82.07
2023-01-10,17914.15,15325.25,6177,77.911,81.582
2023-01-11,17895.699,15301.34960938,6330,78.515,81.617
2023-01-12,17858.199,15279.59960938,6391,80.33,81.17
2023-01-16,17894.85,15305.45019531,6455,81.211,81.608
2023-01-17,18053.301,15396.15039063,6517,79.409,81.552
2023-01-18,18165.35,15466.34960938,6510,80.813,81.313
2023-01-19,18107.85,15419.70019531,6550,81.741,81.259
2023-01-23,18118.551,15403.20019531,6705,80.298,81.458
2023-01-24,18118.301,15388.54980469,6562,80.496,81.574
2023-01-25,17891.949,15171.95019531,6533,81.216,81.471
2023-01-30,17648.949,14854.20019531,6418,79.169,81.451
2023-01-31,17662.15,14935.5,6463,76.812,81.719
2023-02-01,17616.301,14847.65039063,6281,76.111,81.71
2023-02-02,17610.4,14839.40039063,6317,73.397,82.019
2023-02-06,17764.6,14934.15039063,6131,77.676,82.72
2023-02-07,17721.5,14902.20019531,6363,78.599,82.792
2023-02-08,17871.699,15028.29980469,6472,77.773,82.63
2023-02-09,17893.449,15030.09960938,6422,79.955,82.491
2023-02-13,17770.9,14900.5,6646,79.044,82.572
2023-02-14,17929.85,14968.90039063,6566,78.676,82.89
2023-02-15,18015.85,15039.65039063,6485,78.216,82.73
2023-02-16,18035.85,15083.75,6500,76.595,82.69
2023-02-20,17844.6,14938.65039063,6426,76.193,82.673
2023-02-21,17826.699,14913.95019531,6385,73.936,82.824
2023-02-22,17554.301,14701.90039063,6174,75.695,82.81
2023-02-23,17511.25,14666.75,6257,76.545,82.57
2023-02-27,17392.699,14548.70019531,6273,76.833,82.622
2023-02-28,17303.949,14518.75,6404,77.804,82.62
2023-03-01,17450.9,14664.84960938,6359,77.947,82.41
2023-03-02,17321.9,14587.25,6437,79.909,82.33
2023-03-06,17711.449,14881.0,6558,77.278,81.79
2023-03-08,17754.4,14921.95019531,6305,75.706,81.93
2023-03-09,17589.6,14803.95019531,6277,76.668,82.0
2023-03-13,17154.301,14454.45019531,6167,71.607,82.41
2023-03-14,17043.301,14358.54980469,5983,68.398,82.225
2023-03-15,16972.15,14320.29980469,5564,68.422,82.86
2023-03-16,16985.6,14330.34960938,5695,66.584,82.569
2023-03-20,16988.4,14317.09960938,5463,69.456,82.495
2023-03-21,17107.5,14411.29980469,5775,69.951,82.652
2023-03-22,17151.9,14460.0,5839,69.508,82.485
2023-03-23,17076.9,14403.59960938,5790,69.268,82.216
2023-03-27,16985.699,14262.70019531,5978,73.625,82.16
2023-03-28,16951.699,14211.79980469,6058,72.826,82.139
2023-03-29,17080.699,14345.59960938,6017,74.402,82.158
2023-04-03,17398.051,14601.95019531,6612,80.968,82.16
2023-04-05,17557.051,14709.40039063,6605,80.408,81.925
2023-04-10,17624.051,14790.54980469,6568,81.417,81.945
2023-04-11,17722.301,14867.25,6682,83.133,82.01
2023-04-12,17812.4,14941.54980469,6815,82.241,81.91
2023-04-13,17828.0,14954.25,6735,82.514,81.63
2023-04-17,17706.85,14904.29980469,6632,80.899,81.96
2023-04-18,17660.15,14897.0,6679,78.937,82.06
2023-04-19,17618.75,14856.90039063,6547,77.07,82.279
2023-04-20,17624.449,14861.75,6386,77.853,82.1
2023-04-24,17743.4,14930.15039063,6487,77.044,81.93
2023-04-25,17769.25,14955.70019531,6335,74.317,81.945
2023-04-26,17813.6,14994.40039063,6235,74.739,81.72
2023-04-27,17915.051,15075.04980469,6140,76.631,81.69
2023-05-02,18147.65,15300.75,5905,68.146,81.88
2023-05-03,18089.85,15276.40039063,5647,68.598,81.82
2023-05-04,18255.801,15405.5,5689,71.273,81.674
2023-05-08,18264.4,15427.09960938,6009,73.455,81.8
2023-05-09,18265.949,15420.59960938,6039,72.757,82.1
2023-05-10,18315.1,15466.04980469,5931,71.448,81.889
2023-05-11,18297.0,15484.04980469,5843,70.097,82.07
2023-05-15,18398.85,15549.70019531,5863,70.58,82.217
2023-05-16,18286.5,15492.40039063,5834,72.705,82.244
2023-05-17,18181.75,15426.34960938,6014,72.094,82.425
2023-05-18,18129.949,15361.59960938,5930,71.977,82.7
2023-05-22,18314.4,15504.0,6017,73.768,82.81
2023-05-23,18348.0,15544.75,6092,74.187,82.81
2023-05-24,18285.4,15515.95019531,6111,71.875,82.65
2023-05-25,18321.15,15555.25,5946,72.874,82.713
2023-05-29,18598.65,15772.34960938,6036,69.528,82.564
2023-05-30,18633.85,15799.45019531,5756,67.626,82.645
2023-05-31,18534.4,15766.40039063,5690,70.205,82.641
2023-06-01,18487.75,15760.34960938,5828,71.95,82.246
2023-06-05,18593.85,15859.5,6004,71.465,82.5
2023-06-06,18599.0,15878.40039063,5939,72.469,82.49
2023-06-07,18726.4,16006.70019531,6004,70.917,82.593
2023-06-08,18634.551,15921.04980469,5903,70.371,82.48
2023-06-12,18601.5,15929.09960938,5569,69.286,82.37
2023-06-13,18716.15,16048.20019531,5729,68.697,82.209
2023-06-14,18755.9,16084.04980469,5664,70.632,82.02
2023-06-15,18688.1,16058.25,5796,71.494,81.88
2023-06-19,18755.449,16142.15039063,5865,70.726,81.89
2023-06-20,18816.699,16199.95019531,5821,72.282,81.951
2023-06-21,18856.85,16240.95019531,5953,69.356,81.93
2023-06-22,18771.25,16140.79980469,5705,69.39,81.93
2023-06-26,18691.199,16066.15039063,5737,67.903,81.982
2023-06-27,18817.4,16163.5,5617,69.046,81.963
2023-06-28,18972.1,16277.20019531,5726,69.684,82.0
2023-07-03,19322.551,16527.94921875,5753,70.938,81.97
2023-07-04,19389.0,16556.05078125,5850,71.751,81.926
2023-07-05,19398.5,16597.19921875,5932,71.82,82.369
2023-07-06,19497.301,16695.05078125,5941,73.613,82.738
2023-07-10,19355.9,16553.75,6024,74.734,82.58
2023-07-11,19439.4,16648.0,6158,75.802,82.371
2023-07-12,19384.301,16641.05078125,6213,77.108,81.952
2023-07-13,19413.75,16623.90039063,6246,75.293,82.02
2023-07-17,19711.449,16872.05078125,6088,75.795,82.006
2023-07-18,19749.25,16872.0,6221,75.393,82.04
2023-07-19,19833.15,16953.5,6215,75.771,82.03
2023-07-20,19979.15,17042.55078125,6211,76.875,82.058
2023-07-24,19672.35,16865.15039063,6461,79.378,81.789
2023-07-25,19680.6,16896.90039063,6529,78.985,81.854
2023-07-26,19778.301,16975.0,6473,79.843,81.93
2023-07-27,19659.9,16919.19921875,6562,80.672,82.13
2023-07-31,19753.801,17059.0,6697,82.208,82.214
2023-08-01,19733.551,17051.15039063,6727,79.769,82.294
2023-08-02,19526.551,16858.94921875,6556,81.748,82.704
2023-08-03,19381.65,16772.30078125,6761,82.706,82.89
2023-08-07,19597.301,16956.34960938,6806,82.902,82.73
2023-08-08,19570.85,16949.25,6840,84.265,82.836
2023-08-09,19632.551,17003.84960938,6929,82.847,82.82
2023-08-10,19543.1,16939.84960938,6873,83.085,82.601
2023-08-14,19434.551,16825.55078125,6868,81.038,83.16
2023-08-16,19465.0,16853.05078125,6646,80.055,83.189
2023-08-17,19365.25,16802.25,6685,81.147,83.13
2023-08-21,19393.6,16852.05078125,6730,80.066,83.07
2023-08-22,19396.449,16905.25,6641,78.937,83.02
2023-08-23,19444.0,16950.25,6555,79.25,82.502
2023-08-24,19386.699,16930.15039063,6520,80.462,82.552
2023-08-28,19306.051,16875.30078125,6618,81.637,82.58
2023-08-29,19342.65,16927.30078125,6704,82.019,82.554
2023-08-30,19347.449,16968.94921875,6735,83.902,82.587
2023-08-31,19253.801,16924.30078125,6871,86.27,82.682
2023-09-01,19435.301,17074.55078125,7064,86.27,82.669
2023-09-04,19528.801,17180.94921875,7109,86.211,82.698
2023-09-05,19574.9,17252.09960938,7218,86.913,83.013
2023-09-06,19611.051,17284.59960938,7305,87.821,83.178
2023-09-07,19727.051,17385.5,7227,86.913,83.13
2023-09-08,19819.949,17487.44921875,7258,87.364,82.984
2023-09-11,19996.35,17653.34960938,7248,87.455,82.856
2023-09-12,19993.199,17460.55078125,7385,88.876,82.85
2023-09-13,20070.0,17526.75,7338,88.956,82.861
2023-09-14,20103.1,17603.5,7501,90.892,82.99
2023-09-15,20192.35,17665.80078125,7531,91.134,83.049
2023-09-18,20133.301,17613.59960938,7571,91.711,83.22
2023-09-20,19901.4,17449.34960938,7475,89.898,82.9
2023-09-21,19742.35,17303.5,7483,90.214,83.09
2023-09-22,19674.25,17260.80078125,7473,90.858,82.95
2023-09-25,19674.551,17272.55078125,7469,90.404,83.11
2023-09-26,19664.699,17276.75,7543,91.012,83.248
2023-09-27,19716.449,17341.59960938,7792,94.204,83.156
2023-09-28,19523.551,17170.44921875,7623,92.268,83.108
2023-09-29,19638.301,17292.59960938,7542,91.237,83.056
2023-10-03,19528.75,17254.40039063,7448,89.774,83.202
2023-10-04,19436.1,17123.09960938,7064,84.724,83.23
2023-10-05,19545.75,17195.80078125,6920,82.838,83.199
2023-10-06,19653.5,17293.59960938,6875,83.1,83.098
2023-10-09,19512.35,17127.69921875,7184,86.653,83.234
2023-10-10,19689.85,17303.34960938,7161,86.097,83.142
2023-10-11,19811.35,17407.34960938,7017,83.402,83.15
2023-10-12,19794.0,17419.69921875,6896,83.644,83.27
2023-10-13,19751.051,17390.34960938,7259,87.81,83.235
2023-10-16,19731.75,17393.0,7239,86.995,83.19
2023-10-17,19811.5,17467.69921875,7192,87.678,83.23
2023-10-18,19671.1,17344.0,7365,88.426,83.252
2023-10-19,19624.699,17310.5,7427,90.432,83.082
2023-10-20,19542.65,17208.75,7357,89.495,83.13
2023-10-23,19281.75,16888.69921875,7132,87.135,83.05
2023-10-25,19122.15,16760.80078125,7078,86.235,83.116
2023-10-26,18857.25,16555.44921875,6945,84.417,83.223
2023-10-27,19047.25,16765.44921875,7128,85.998,83.245
2023-10-30,19140.9,16826.09960938,6880,83.306,83.23
2023-10-31,19079.6,16801.09960938,6782,82.069,83.231
2023-11-01,18989.15,16732.94921875,6762,81.64,83.217
2023-11-02,19133.25,16890.80078125,6892,83.168,83.214
2023-11-03,19230.6,17000.94921875,6696,81.413,83.12
2023-11-06,19411.75,17159.40039063,6826,81.421,83.198
2023-11-07,19406.699,17187.80078125,6507,77.553,83.21
2023-11-08,19443.5,17259.69921875,6507,76.02,83.193
2023-11-09,19395.301,17218.90039063,6372,75.917,83.295
2023-11-10,19425.35,17256.59960938,6470,77.642,83.289
2023-11-13,19443.551,17318.59960938,6512,78.785,83.188
2023-11-15,19675.449,17508.05078125,6424,76.943,83.168
2023-11-16,19765.199,17593.09960938,6026,73.4,83.132
2023-11-17,19731.801,17600.5,6319,76.312,83.224
2023-11-20,19694.0,17573.65039063,6543,77.875,83.314
2023-11-21,19783.4,17627.59960938,6468,78.047,83.26
2023-11-22,19811.85,17627.69921875,6363,77.004,83.272
2023-11-23,19802.0,17639.40039063,6374,76.625,83.285
2023-11-24,19794.699,17643.5,6345,75.392,83.32
2023-11-28,19889.699,17741.80078125,6413,76.702,83.32
2023-11-29,20096.6,17904.09960938,6488,77.876,83.332
2023-11-30,20133.15,17987.94921875,6407,75.772,83.337
2023-12-01,20267.9,18115.34960938,6281,74.555,83.24
2023-12-04,20686.801,18448.5,6157,73.421,83.408
2023-12-05,20855.1,18588.55078125,6080,72.185,83.3
2023-12-06,20937.699,18680.0,5820,69.271,83.314
2023-12-07,20901.15,18703.84960938,5802,69.678,83.324
2023-12-08,20969.4,18703.5,5935,71.372,83.407
2023-12-11,20997.1,18770.19921875,5969,71.432,83.362
2023-12-12,20906.4,18686.80078125,5717,68.807,83.375
2023-12-13,20926.35,18751.44921875,5781,69.899,83.33
2023-12-14,21182.699,18973.84960938,6017,71.768,83.287
2023-12-15,21456.65,19145.05078125,5952,71.902,82.974
2023-12-18,21418.65,19155.55078125,6016,72.719,83.124
2023-12-19,21453.1,19169.25,6167,73.946,83.086
2023-12-20,21150.15,18779.44921875,6174,73.572,83.121
2023-12-21,21255.051,18941.80078125,6134,73.776,83.194
2023-12-22,21349.4,19054.69921875,6163,73.366,83.099
2023-12-26,21441.35,19148.84960938,6315,75.137,83.159
2023-12-27,21654.75,19296.94921875,6211,73.694,83.242
2023-12-28,21778.699,19399.25,6048,71.872,83.149
2023-12-29,21731.4,19429.15039063,6007,71.183,83.17
2024-01-02,21665.801,19418.40039063,5943,70.422,83.234
2024-01-03,21517.35,19367.15039063,6071,72.938,83.266
2024-01-04,21658.6,19541.25,6034,72.263,83.223
2024-01-05,21710.801,19590.59960938,6128,73.826,83.075
2024-01-08,21513.0,19417.69921875,5863,70.838,83.0
2024-01-09,21544.85,19459.55078125,6034,72.126,83.089
2024-01-10,21618.699,19517.84960938,5931,71.222,83.0
2024-01-11,21647.199,19584.34960938,6006,72.745,83.043
2024-01-12,21894.551,19745.59960938,6033,72.68,82.838
2024-01-15,22097.449,19885.55078125,6008,72.42,82.807
2024-01-16,22032.301,19827.55078125,6003,71.854,83.065
2024-01-17,21571.949,19487.59960938,5972,72.547,83.162
2024-01-18,21462.25,19414.80078125,6152,73.729,83.127
2024-01-19,21622.4,19606.40039063,6108,73.249,83.066
2024-01-23,21238.801,19206.44921875,6178,74.345,83.125
2024-01-24,21453.949,19451.0,6253,75.198,83.067
2024-01-25,21352.6,19393.0,6381,76.915,83.121
2024-01-29,21737.6,19711.65039063,6399,76.844,83.14
2024-01-30,21522.1,19574.19921875,6479,77.677,83.09
2024-01-31,21725.699,19802.09960938,6313,75.704,83.05
2024-02-01,21697.449,19777.34960938,6206,73.876,82.908
2024-02-02,21853.801,19910.80078125,6030,72.248,82.979
2024-02-05,21771.699,19853.5,6081,72.67,83.009
2024-02-06,21929.4,20033.75,6084,73.389,83.04
2024-02-07,21930.5,20109.55078125,6131,73.958,82.953
2024-02-08,21717.949,19987.55078125,6307,76.401,82.959
2024-02-09,21782.5,19961.5,6361,76.475,82.979
2024-02-12,21616.051,19675.19921875,6371,76.904,82.93
2024-02-13,21743.25,19782.90039063,6490,77.738,83.074
2024-02-14,21840.051,19922.30078125,6397,76.486,82.989
2024-02-15,21910.75,20037.0,6483,77.858,82.967
2024-02-16,22040.699,20164.90039063,6538,78.463,82.992
2024-02-19,22122.25,20241.09960938,6518,78.427,83.003
2024-02-20,22196.949,20271.90039063,6430,77.36,82.851
2024-02-21,22055.051,20128.30078125,6447,78.2,82.87
2024-02-22,22217.449,20283.94921875,6535,78.523,82.833
2024-02-23,22212.699,20313.5,6353,76.761,82.839
2024-02-26,22122.051,20255.80078125,6466,77.717,82.826
2024-02-27,22198.35,20292.84960938,6514,78.671,82.857
2024-02-28,21951.15,20020.40039063,6520,78.403,82.859
2024-02-29,21982.801,20090.05078125,6513,78.436,82.88
2024-03-01,22338.75,20349.80078125,6638,79.931,82.823
2024-03-04,22405.6,20432.05078125,6527,78.877,82.859
2024-03-05,22356.301,20382.0,6481,78.258,82.871
2024-03-06,22474.051,20379.55078125,6600,79.197,82.762
2024-03-07,22493.551,20434.80078125,6555,79.34,82.666
2024-03-11,22332.65,20288.75,6443,78.159,82.72
2024-03-12,22335.699,20171.40039063,6447,78.101,82.819
2024-03-13,21997.699,19646.30078125,6579,79.639,82.812
2024-03-14,22146.65,19916.34960938,6742,80.98,82.895
2024-03-15,22023.35,19825.19921875,6720,80.978,82.863
2024-03-18,22055.699,19843.09960938,6844,82.611,82.896
2024-03-19,21817.449,19610.55078125,6944,82.91,82.987
2024-03-20,21839.1,19632.05078125,6748,81.862,83.156
2024-03-21,22011.949,19897.40039063,6733,81.187,83.185
2024-03-22,22096.75,19994.59960938,6746,81.215,83.512
2024-03-26,22004.699,20005.25,6817,81.548,83.322
2024-03-27,22123.65,20087.80078125,6776,82.018,83.334
2024-03-28,22326.9,20255.15039063,6909,83.371,83.332
2024-04-01,22462.0,20492.55078125,6997,84.229,83.34
2024-04-02,22453.301,20569.75,7077,85.656,83.302
2024-04-03,22434.65,20605.69921875,7162,85.894,83.453
2024-04-04,22514.65,20664.65039063,7123,87.005,83.343
2024-04-05,22513.699,20715.09960938,7284,86.941,83.273
2024-04-08,22666.301,20819.09960938,7179,86.742,83.27
2024-04-09,22642.75,20790.69921875,7102,85.447,83.199
2024-04-10,22753.801,20915.19921875,7159,86.386,83.388
2024-04-12,22519.4,20745.5,7187,85.549,83.52
2024-04-15,22272.5,20478.75,7115,85.716,83.487
2024-04-16,22147.9,20423.0,7135,85.356,83.648
2024-04-18,21995.85,20324.69921875,6933,82.476,83.511
2024-04-19,22147.0,20385.19921875,6981,82.67,83.336
2024-04-22,22336.4,20574.84960938,6834,82.614,83.34
2024-04-23,22368.0,20652.65039063,6928,83.814,83.243
2024-04-24,22402.4,20730.65039063,6889,83.249,83.3
2024-04-25,22570.35,20867.90039063,6911,84.222,83.29
2024-04-26,22419.949,20839.34960938,6999,84.099,83.378
2024-04-29,22643.4,20992.19921875,6899,83.113,83.39
2024-04-30,22604.85,20997.19921875,6838,81.935,83.45
2024-05-02,22648.199,21083.59960938,6601,79.356,83.415
2024-05-03,22475.85,20959.55078125,6546,78.26,83.356
2024-05-06,22442.699,20864.94921875,6542,78.919,83.432
2024-05-07,22302.5,20636.05078125,6585,78.537,83.437
2024-05-08,22302.5,20704.90039063,6587,79.408,83.443
2024-05-09,21957.5,20344.80078125,6606,79.762,83.42
2024-05-10,22055.199,20469.09960938,6551,78.342,83.521
2024-05-13,22104.051,20511.0,6594,79.341,83.486
2024-05-14,22217.85,20683.80078125,6512,78.495,83.462
2024-05-15,22200.551,20741.84960938,6551,78.819,83.391
2024-05-16,22403.85,20929.05078125,6615,79.359,83.441
2024-05-17,22466.1,21064.55078125,6662,79.959,83.261
2024-05-21,22529.051,21187.65039063,6568,78.608,83.25
2024-05-22,22597.801,21237.75,6492,77.63,83.242
2024-05-23,22967.65,21489.55078125,6397,77.306,83.261
2024-05-24,22957.1,21483.75,6471,78.086,83.013
2024-05-27,22932.449,21493.0,6547,78.867,83.112
2024-05-28,22888.15,21387.34960938,6637,80.539,83.136
2024-05-29,22704.699,21256.30078125,6624,79.556,83.331
2024-05-30,22488.65,21038.55078125,6488,78.138,83.26
2024-05-31,22530.699,21103.30078125,6453,77.492,83.412
2024-06-03,23263.9,21797.40039063,6181,74.239,83.063
2024-06-04,21884.5,20323.84960938,6167,73.083,83.504
2024-06-05,22620.35,21054.40039063,6190,74.484,83.48
2024-06-06,22821.4,21365.0,6326,75.77,83.447
2024-06-07,23290.15,21764.15039063,6323,75.527,83.5
2024-06-10,23259.199,21808.25,6486,78.334,83.48
2024-06-11,23264.85,21852.0,6526,78.25,83.575
2024-06-12,23322.949,21960.94921875,6577,78.417,83.412
2024-06-13,23398.9,22074.30078125,6568,78.079,83.506
2024-06-14,23465.6,22214.30078125,6574,78.5,83.527
2024-06-18,23557.9,22329.59960938,6786,81.167,83.313
2024-06-19,23516.0,22224.90039063,6733,81.026,83.44
2024-06-20,23567.0,22305.09960938,6799,81.646,83.6
2024-06-21,23501.1,22236.19921875,6746,80.945,83.537
2024-06-24,23537.85,22289.09960938,6822,82.069,83.402
2024-06-25,23721.301,22370.65039063,6771,81.103,83.405
2024-06-26,23868.801,22436.80078125,6805,81.162,83.554
2024-06-27,24044.5,22537.40039063,6804,82.144,83.433
2024-06-28,24010.6,22559.69921875,6805,81.81,83.335
2024-07-01,24141.949,22727.59960938,6950,83.65,83.414
2024-07-02,24123.85,22677.80078125,6949,83.357,83.45
2024-07-03,24286.5,22851.19921875,6951,83.851,83.47
2024-07-04,24302.15,22914.19921875,7024,84.291,83.471
2024-07-05,24323.85,22987.65039063,6977,83.51,83.48
2024-07-08,24320.551,22971.15039063,6878,82.461,83.433
2024-07-09,24433.199,23067.34960938,6830,81.848,83.467
2024-07-10,24324.449,22977.65039063,6858,82.557,83.49
2024-07-11,24315.949,23005.25,6893,83.041,83.482
2024-07-12,24502.15,23095.44921875,6890,82.327,83.493
2024-07-15,24586.699,23209.84960938,6847,81.99,83.531
2024-07-16,24613.0,23204.25,6779,80.813,83.526
2024-07-18,24800.85,23210.05078125,6973,81.9,83.591
2024-07-19,24530.9,22853.59960938,6725,79.64,83.704
2024-07-22,24509.25,22942.65039063,6560,79.173,83.64
2024-07-23,24479.051,22865.19921875,6458,78.303,83.679
2024-07-24,24413.5,22921.44921875,6521,78.313,83.72
2024-07-25,24406.1,22917.25,6572,79.187,83.735
2024-07-26,24834.85,23292.05078125,6478,77.272,83.684
2024-07-29,24836.1,23394.19921875,6351,76.562,83.729
2024-07-30,24857.301,23440.90039063,6292,75.912,83.69
2024-07-31,24951.15,23530.80078125,6524,79.169,83.68
2024-08-01,25010.9,23506.59960938,6436,77.44,83.728
2024-08-02,24717.699,23259.44921875,6146,74.67,83.775
2024-08-05,24055.6,22542.44921875,6146,74.438,83.998
2024-08-06,23992.551,22443.30078125,6184,73.418,83.886
2024-08-07,24297.5,22848.90039063,6327,75.838,83.865
2024-08-08,24117.0,22705.69921875,6422,76.421,83.967
2024-08-09,24367.5,22923.5,6444,77.356,83.925
2024-08-12,24347.0,22915.84960938,6662,79.885,83.899
2024-08-13,24139.0,22705.80078125,6596,78.822,83.875
2024-08-14,24143.75,22672.65039063,6487,77.64,83.89
2024-08-16,24541.15,23056.5,6435,77.114,83.857
2024-08-19,24572.65,23139.75,6253,75.249,83.83
2024-08-20,24698.85,23280.34960938,6154,74.476,83.729
2024-08-21,24770.199,23368.65039063,6030,73.235,83.875
2024-08-22,24811.5,23440.69921875,6158,74.281,83.91
2024-08-23,24823.15,23418.65039063,6293,76.221,83.79
2024-08-26,25010.6,23561.75,6486,78.34,83.845
2024-08-27,25017.75,23604.84960938,6353,76.873,83.896
2024-08-28,25052.35,23615.94921875,6288,75.438,83.88
2024-08-29,25151.949,23631.40039063,6362,77.025,83.84
2024-08-30,25235.9,23734.55078125,6203,74.569,83.847
2024-09-02,25278.699,23760.69921875,6222,74.863,83.899
2024-09-03,25279.85,23788.44921875,5915,70.906,83.926
2024-09-04,25198.699,23748.90039063,5851,70.001,83.955
2024-09-05,25145.1,23762.80078125,5810,69.969,83.963
2024-09-06,24852.15,23477.69921875,5704,68.733,83.964
2024-09-09,24936.4,23502.15039063,5776,69.255,83.908
2024-09-10,25041.1,23643.65039063,5533,66.708,83.929
2024-09-11,24918.449,23531.25,5690,67.675,83.97
2024-09-12,25388.9,23907.34960938,5809,69.494,83.902
2024-09-13,25356.5,23928.19921875,5770,69.468,83.86
2024-09-16,25383.75,23968.19921875,5887,70.463,83.82
2024-09-17,25418.55,23969.90039063,5989,71.046,83.727
2024-09-18,25377.55,23898.65039063,5913,70.222,83.62
2024-09-19,25415.8,23853.94921875,6026,72.227,83.595
2024-09-20,25790.95,24193.80078125,5975,72.286,83.465
2024-09-23,25939.05,24379.19921875,5898,71.621,83.523
2024-09-24,25940.4,24389.69921875,5983,72.44,83.566
2024-09-25,26004.15,24371.25,5841,70.656,83.595
2024-09-26,26216.05,24496.90039063,5663,68.327,83.582
2024-09-27,26178.95,24489.55078125,5694,69.399,83.656
2024-09-30,25810.85,24245.19921875,5745,68.983,83.735
2024-10-01,25796.9,24271.30078125,5935,71.35,83.894
2024-10-03,25250.1,23755.44921875,6161,74.323,83.976
2024-10-04,25014.6,23534.94921875,6339,75.077,84.003
2024-10-07,24795.75,23181.95,6475,77.801,83.944
2024-10-08,25013.15,23512.55,6244,74.379,83.925
2024-10-09,24981.95,23599.6,6119,73.772,83.93
2024-10-10,24998.45,23598.15,6394,76.062,83.92
2024-10-11,24964.25,23611.25,6364,75.827,84.081
2024-10-14,25127.95,23727.05,6245,72.337,84.025
2024-10-15,25057.35,23735.7,5923,71.134,84.015
2024-10-16,24971.3,23673.15,5923,70.859,83.985
2024-10-17,24749.85,23377.0,5897,70.928,84.06
2024-10-18,24854.05,23440.7,5855,69.521,84.046
2024-10-21,24781.1,23263.25,5962,70.45,84.05
2024-10-22,24472.1,22814.45,6040,71.983,84.037
2024-10-23,24435.5,22841.1,5976,71.657,84.037
2024-10-24,24399.4,22787.85,5911,70.969,84.064
2024-10-25,24180.8,22499.05,6040,72.263,84.075
2024-10-28,24339.15,22649.95,5710,68.512,84.04
2024-10-29,24466.85,22795.05,5668,67.952,84.038
2024-10-30,24340.85,22749.8,5764,69.557,84.052
2024-10-31,24205.35,22689.35,5823,70.959,84.041
2024-11-01,24304.35,22823.55,5988,69.735,84.06
2024-11-04,23995.35,22518.3,6024,72.021,84.091
2024-11-05,24213.3,22679.85,6054,72.32,84.091
2024-11-06,24484.05,23031.2,6075,72.141,84.29
2024-11-07,24199.35,22806.25,6129,72.445,84.273
2024-11-08,24148.2,22645.65,5956,70.715,84.375
2024-11-11,24141.3,22591.4,5762,68.327,84.36
2024-11-12,23883.45,22331.05,5776,68.14,84.326
2024-11-13,23559.05,21914.95,5796,68.219,84.396
2024-11-14,23532.7,21963.1,5767,68.723,84.441
2024-11-18,23453.8,21899.4,5819,69.39,84.378
2024-11-19,23518.5,22004.35,5847,69.502,84.335
2024-11-21,23349.9,21820.85,5905,70.342,84.475
2024-11-22,23907.25,22225.55,6028,71.467,84.405
2024-11-25,24221.9,22553.5,5826,69.292,84.22
2024-11-26,24194.5,22562.45,5776,69.143,84.299
2024-11-27,24274.9,22691.7,5781,68.969,84.371
2024-11-28,23914.15,22514.35,5844,69.071,84.425
2024-11-29,24131.1,22687.0,5814,68.306,84.539
2024-12-02,24276.05,22835.85,5779,68.288,84.74
2024-12-03,24457.15,23020.85,5929,70.043,84.658
2024-12-04,24467.45,23099.5,5848,68.816,84.673
2024-12-05,24708.4,23277.95,5805,68.547,84.661
2024-12-06,24677.8,23312.1,5726,67.22,84.648
2024-12-09,24619.0,23292.0,5825,68.216,84.814
2024-12-10,24610.05,23314.9,5845,68.517,84.858
2024-12-11,24641.8,23358.15,5934,70.376,84.775
2024-12-12,24548.7,23256.4,5978,69.999,84.805
2024-12-13,24768.3,23358.95,6042,70.96,84.761
2024-12-16,24668.25,23352.45,6022,70.55,84.87
2024-12-17,24336.0,23095.75,5930,70.104,84.882
2024-12-18,24198.85,22934.4,6017,69.738,84.846
2024-12-19,23951.7,22752.15,5933,69.473,85.065
2024-12-20,23587.5,22319.4,5938,69.836,84.927
2024-12-23,23753.45,22412.3,5900,69.839,85.075
2024-12-24,23727.65,22402.7,5971,70.424,85.116
2024-12-26,23750.2,22430.35,5976,69.892,85.234
2024-12-27,23813.4,22445.2,6035,70.475,85.368
2024-12-30,23644.9,22357.15,6109,71.31,85.453
2024-12-31,23644.8,22375.4,6166,72.023,85.533
2025-01-02,24188.65,22819.75,6299,73.253,85.725
2025-01-03,24004.75,22708.15,6373,74.241,85.74
2025-01-06,23616.05,22225.4,6308,73.526,85.67
2025-01-07,23707.9,22341.65,6385,74.533,85.783
2025-01-08,23688.95,22231.8,6307,73.422,85.87
2025-01-09,23526.5,22046.55,6372,74.394,85.852
2025-01-10,23431.5,21799.0,6576,76.633,86.145
2025-01-13,23085.95,21243.45,6862,78.856,86.67
2025-01-14,23176.05,21481.05,6736,77.232,86.515
2025-01-15,23213.2,21551.2,6899,80.29,86.349
2025-01-16,23311.8,21714.55,6833,79.054,86.55
2025-01-17,23203.2,21680.25,6774,78.468,86.551
2025-01-20,23344.75,21809.0,6613,77.358,86.189
2025-01-21,23024.65,21433.2,6564,76.874,86.431
2025-01-22,23155.35,21396.55,6561,76.3,86.42
2025-01-23,23205.35,21538.05,6484,75.16,86.395
2025-01-24,23092.2,21318.9,6427,75.432,86.141
2025-01-27,22829.15,20910.95,6300,73.858,86.319
2025-01-28,22957.25,20924.75,6340,74.67,86.564
2025-01-29,23163.1,21245.5,6294,73.68,86.59
2025-01-30,23249.5,21297.5,6319,73.77,86.525
2025-01-31,23508.4,21580.9,6279,74.41,86.511
2025-02-03,23361.05,21402.55,6334,72.841,86.922
2025-02-04,23739.25,21727.45,6343,73.229,87.038
2025-02-05,23696.3,21784.25,6230,71.648,87.316
2025-02-06,23603.35,21672.45,6210,70.929,87.55
2025-02-07,23559.95,21646.15,6237,71.428,87.593
2025-02-10,23381.6,21371.3,6337,72.78,87.448
2025-02-11,23071.8,20950.45,6367,73.442,86.767
2025-02-12,23045.25,20907.85,6226,71.475,86.861
2025-02-13,23031.4,20904.35,6196,71.745,86.657
2025-02-14,22929.25,20633.1,6149,70.91,86.582
2025-02-17,22959.5,20652.35,6198,71.708,86.789
2025-02-18,22945.3,20611.4,6233,72.088,86.848
2025-02-19,22932.9,20731.45,6291,72.398,86.852
2025-02-20,22913.15,20831.1,6316,72.859,86.543
2025-02-21,22795.9,20690.25,6148,70.513,86.59
2025-02-24,22553.35,20468.45,6150,71.158,86.624
2025-02-25,22547.55,20418.75,6015,69.281,87.096
2025-02-27,22545.05,20315.55,6135,70.303,87.297
2025-02-28,22124.7,19880.9,6118,70.157,87.447
2025-03-03,22119.3,19896.95,5989,68.586,87.24
2025-03-04,22082.65,19917.85,5960,68.16,87.232
2025-03-05,22337.3,20256.5,5756,66.53,86.847
2025-03-06,22544.7,20447.1,5784,66.43,86.994
2025-03-07,22552.5,20443.4,5858,67.213,87.068
2025-03-10,22460.3,20266.5,5778,66.004,87.25
2025-03-11,22497.9,20302.5,5790,66.645,87.156
2025-03-12,22470.5,20264.35,5907,67.752,87.113
2025-03-13,22397.2,20176.05,5794,66.807,86.878
2025-03-17,22508.75,20288.3,5865,67.566,86.651
2025-03-18,22834.3,20657.2,5796,66.839,86.479
2025-03-19,22907.6,20864.5,5821,67.302,86.277
2025-03-20,23190.65,21070.05,5897,68.66,86.3
2025-03-21,23350.4,21273.9,5900,68.59,85.969
2025-03-24,23658.35,21538.1,5931,69.397,85.532
2025-03-25,23668.65,21437.75,5919,69.418,85.563
2025-03-26,23486.85,21275.45,5991,70.137,85.603
2025-03-27,23591.95,21407.95,5995,70.133,85.62
2025-03-28,23519.35,21339.55,5946,69.241,85.514
2025-04-01,23165.7,21070.75,6118,71.336,85.533
2025-04-02,23332.35,21265.65,6147,70.926,85.424
2025-04-03,23250.1,21243.4,5735,66.766,85.227
2025-04-04,22904.45,20805.35,5311,62.437,85.482
2025-04-07,22161.6,20105.7,5293,61.09,85.816
2025-04-08,22535.85,20480.8,5197,58.292,86.22
2025-04-09,22399.15,20356.75,5265,62.787,86.616
2025-04-11,22828.55,20752.85,5302,61.539,86.16
2025-04-15,23328.55,21279.4,5266,61.609,85.663
2025-04-16,23437.2,21404.35,5341,62.576,85.567
2025-04-17,23851.65,21681.55,5513,64.361,85.36
2025-04-21,24125.55,22005.75,5372,63.241,85.15
2025-04-22,24167.25,22085.15,5452,64.02,85.14
2025-04-23,24328.95,22237.6,5309,62.806,85.324
2025-04-24,24246.7,22180.65,5380,63.277,85.285
2025-04-25,24039.35,21848.15,5396,63.606,85.36
2025-04-28,24328.5,22101.85,5281,62.317,85.115
2025-04-29,24335.95,22112.4,5176,60.537,85.1
2025-04-30,24334.2,22030.05,4952,58.522,84.549
2025-05-02,24346.7,22006.0,4940,58.649,84.479
2025-05-05,24461.15,22195.15,4832,57.457,84.255
2025-05-06,24379.6,21956.6,5011,59.213,84.32
2025-05-07,24414.4,22072.45,4953,58.181,84.667
2025-05-08,24273.8,21843.05,5163,60.478,85.488
2025-05-09,24008.0,21675.55,5212,61.273,85.359
2025-05-12,24924.7,22511.4,5292,62.122,84.842
2025-05-13,24578.35,22349.4,5430,63.733,85.25
2025-05-14,24666.9,22499.5,5418,62.931,85.38
2025-05-15,25062.1,22788.8,5271,61.707,85.496
2025-05-16,25019.8,22870.9,5351,62.403,85.552
2025-05-19,24945.45,22865.8,5338,62.587,85.345
2025-05-20,24683.9,22585.6,5334,62.704,85.51
2025-05-21,24813.45,22730.65,5295,61.748,85.57
2025-05-22,24609.7,22595.0,5265,61.225,85.948
2025-05-23,24853.15,22781.05,5259,62.122,85.151
2025-05-26,25001.15,22908.3,5255,61.894,85.04
2025-05-27,24826.2,22816.5,5191,61.396,85.326
2025-05-28,24752.45,22779.4,5306,62.211,85.367
2025-05-29,24833.6,22861.35,5215,61.177,85.367
2025-05-30,24750.7,22801.95,5203,61.057,85.477
2025-06-02,24716.6,22834.5,5375,63.27,85.308
2025-06-03,24542.5,22711.3,5455,63.581,85.661
2025-06-04,24620.2,22807.85,5386,62.954,85.831
2025-06-05,24750.9,22934.5,5442,63.452,85.8
2025-06-06,25003.05,23165.1,5534,64.982,85.737
2025-06-09,25103.2,23330.55,5565,65.529,85.64
2025-06-10,25104.25,23339.95,5583,64.872,85.547
2025-06-11,25141.4,23337.85,5731,68.345,85.421
2025-06-12,24888.2,23046.45,5844,68.941,85.53
2025-06-13,24718.6,22906.2,6285,73.344,86.09
2025-06-16,24946.5,23095.05,6171,71.658,85.76
2025-06-17,24853.4,22981.5,6426,75.352,86.262
2025-06-18,24812.05,22925.2,6453,74.777,86.382
2025-06-19,24793.25,22763.5,6449,75.441,86.793
2025-06-20,25112.4,23041.1,6404,75.52,86.557
2025-06-23,24971.9,23001.5,6046,68.644,86.3
2025-06-24,25044.35,23113.2,5583,66.201,85.895
2025-06-25,25244.75,23296.85,5643,66.063,86.01
2025-06-26,25549.0,23517.55,5625,66.285,85.63
2025-06-27,25637.8,23620.15,5601,66.141,85.431
2025-06-30,25517.05,23617.2,5581,65.893,85.717
2025-07-01,25541.8,23615.45,5615,66.46,85.56
2025-07-02,25453.4,23547.25,5753,68.373,85.531
2025-07-03,25405.3,23521.85,5724,67.98,85.391
2025-07-04,25461.0,23562.45,5690,67.291,85.449
2025-07-07,25461.3,23551.2,5796,68.601,85.747
2025-07-08,25522.5,23572.55,5886,68.774,85.73
2025-07-09,25476.1,23557.45,5879,68.856,85.67
2025-07-10,25355.25,23471.4,5718,67.386,85.7
2025-07-11,25149.85,23282.7,5881,69.182,85.775
2025-07-14,25082.3,23309.05,5771,67.199,85.969
2025-07-15,25195.8,23449.15,5713,67.015,85.945
2025-07-16,25212.05,23472.5,5713,66.81,85.87
2025-07-17,25111.45,23419.7,5792,67.72,85.989
2025-07-18,24968.4,23275.15,5798,67.402,86.125
2025-07-21,25090.7,23378.45,5794,66.973,86.177
2025-07-22,25060.9,23320.9,5646,66.632,86.27
2025-07-23,25219.9,23428.4,5655,66.576,86.299
2025-07-24,25062.1,23301.1,5672,67.303,86.373
2025-07-25,24837.0,23014.8,5648,66.113,86.457
2025-07-28,24680.9,22846.95,5781,67.956,86.649
2025-07-29,24821.1,23007.35,5974,70.196,87.08
2025-07-30,24855.05,23033.55,6176,71.217,87.65
2025-07-31,24768.35,22914.95,6052,70.272,87.476
2025-08-01,24565.35,22673.65,5887,67.972,87.215
2025-08-04,24722.75,22860.4,5836,66.892,87.7
2025-08-05,24649.55,22798.5,5748,65.776,87.782
2025-08-06,24574.2,22666.85,5713,64.848,87.687
2025-08-07,24596.15,22694.1,5604,64.344,87.399
2025-08-08,24363.3,22443.15,5610,63.811,87.441
2025-08-11,24585.05,22633.45,5612,64.343,87.61
2025-08-12,24487.4,22568.6,5548,63.414,87.566
2025-08-13,24619.35,22698.1,5476,63.036,87.411
2025-08-14,24631.3,22680.25,5600,64.057,87.651
2025-08-18,24876.95,22931.5,5544,63.519,87.247
2025-08-19,24980.65,23066.6,5429,62.839,87.02
2025-08-20,25050.55,23143.15,5476,63.656,86.978
2025-08-21,25083.75,23137.15,5563,64.279,87.247
2025-08-22,24870.1,22991.3,5572,64.547,87.306
2025-08-25,24967.75,23052.0,5698,65.471,87.566
2025-08-26,24712.05,22768.65,5567,63.994,87.592
2025-08-28,24500.9,22541.65,5619,64.943,87.541
2025-08-29,24426.85,22462.95,5654,64.594,88.123
2025-09-01,24625.05,22713.55,5703,65.169,87.96
2025-09-02,24579.6,22724.4,5786,66.134,87.959
2025-09-03,24715.05,22864.65,5634,64.258,88.024
2025-09-04,24734.3,22819.65,5611,63.749,88.152
2025-09-05,24741.0,22829.15,5447,62.384,88.143
2025-09-08,24773.15,22878.65,5491,62.792,87.932
2025-09-09,24868.6,22949.1,5544,63.089,88.199
2025-09-10,24973.1,23074.15,5622,64.029,88.013
2025-09-11,25005.5,23102.65,5529,62.551,88.222
2025-09-12,25114.0,23190.25,5526,62.843,88.252
2025-09-15,25069.2,23215.85,5587,63.465,88.077
2025-09-16,25239.1,23369.3,5694,64.641,87.845
2025-09-17,25330.25,23445.2,5646,64.078,87.698
2025-09-18,25423.6,23518.9,5591,63.758,88.167
2025-09-19,25327.05,23486.65,5550,62.763,88.075
2025-09-22,25202.35,23381.45,5522,62.684,88.263
2025-09-23,25169.5,23325.25,5632,63.999,88.767
2025-09-24,25056.9,23178.25,5776,65.153,88.736
2025-09-25,24890.85,23022.4,5773,65.592,88.717
2025-09-26,24654.7,22713.15,5833,65.488,88.63
2025-09-29,24634.9,22739.1,5610,63.408,88.657
2025-09-30,24611.1,22734.1,5569,62.672,88.791
2025-10-01,24836.3,22928.3,5493,62.036,88.65
2025-10-03,24894.25,23027.7,5439,60.916,88.71
2025-10-06,25077.65,23169.65,5491,61.882,88.681
2025-10-07,25108.3,23209.5,5480,62.2,88.69
2025-10-08,25046.15,23109.35,5576,62.438,88.72
2025-10-09,25181.8,23241.75,5462,61.663,88.816
2025-10-10,25285.35,23337.55,5246,58.518,88.732
2025-10-13,25227.35,23294.8,5303,59.654,88.621
2025-10-14,25145.5,23184.05,5233,58.651,88.735
2025-10-15,25323.55,23377.35,5145,58.794,87.775
2025-10-16,25585.3,23563.8,5066,57.388,87.937
2025-10-17,25709.85,23598.05,5053,57.652,87.954
2025-10-20,25843.15,23716.1,5030,57.315,87.84
2025-10-21,25868.6,23759.2,5053,57.941,87.981
2025-10-23,25891.4,23755.9,5437,62.087,87.78
2025-10-24,25795.15,23686.6,5427,61.831,87.796
2025-10-27,25966.05,23840.9,5438,61.848,88.174
2025-10-28,25936.2,23812.55,5330,60.476,88.181
2025-10-29,26053.9,23952.4,5372,60.643,88.361
2025-10-30,25877.85,23841.3,5391,60.589,88.585
2025-10-31,25722.1,23710.4,5422,61.148,88.719
2025-11-03,25763.35,23810.7,5447,61.245,88.671
2025-11-04,25597.65,23675.45,5401,60.633,88.707
2025-11-06,25509.7,23513.15,5262,59.678,88.648
2025-11-07,25492.3,23521.5,5295,59.979,88.631
2025-11-10,25574.35,23596.9,5328,60.173,88.657
2025-11-11,25694.95,23682.65,5403,61.131,88.413
2025-11-12,25875.8,23836.9,5198,58.501,88.55
2025-11-13,25879.15,23816.0,5228,58.692,88.758
2025-11-14,25910.05,23836.35,5342,59.911,88.64
2025-11-17,26013.45,23954.55,5320,59.782,88.61
2025-11-18,25910.05,23824.65,5360,60.7,88.502
2025-11-19,26052.65,23906.3,5236,59.532,88.443
2025-11-20,26192.15,23975.45,5263,58.866,88.69
2025-11-21,26068.15,23790.25,5197,58.09,89.587
2025-11-24,25959.5,23674.55,5235,59.003,89.123
2025-11-25,25884.8,23655.05,5166,58.152,89.113
2025-11-26,26205.3,23955.2,5193,58.638,89.111
2025-11-27,26215.55,23947.75,5290,59.206,89.325
2025-11-28,26202.95,23933.2,5324,58.536,89.332
2025-12-01,26175.75,23922.45,5324,59.617,89.573
2025-12-02,26032.2,23822.25,5309,58.666,89.868
2025-12-03,25986.0,23716.3,5356,59.162,90.146
2025-12-04,26033.75,23741.1,5383,59.733,89.783
2025-12-05,26186.45,23835.25,5427,60.179,89.896
2025-12-08,25960.55,23526.2,5334,58.854,90.09
2025-12-09,25839.65,23516.25,5246,58.389,89.859
2025-12-10,25758.0,23408.8,5242,58.975,89.752
2025-12-11,25898.55,23550.85,5179,57.9,90.211
2025-12-12,26046.95,23726.2,5228,57.524,90.544
2025-12-15,26027.3,23725.2,5142,56.742,90.75
2025-12-16,25860.1,23570.15,5071,55.2,90.908
2025-12-17,25818.55,23496.05,5081,56.936,90.369
2025-12-18,25815.55,23491.5,5078,56.082,90.227
2025-12-19,25966.4,23677.55,5105,56.728,89.552
2025-12-22,26172.4,23867.65,5223,58.105,89.564
2025-12-23,26177.15,23895.15,5254,58.655,89.396
2025-12-24,26142.1,23850.25,5272,58.555,89.771
2025-12-26,26042.3,23780.25,5182,57.057,89.746
2025-12-29,25942.1,23682.1,5240,57.951,89.875
2025-12-30,25938.85,23668.8,5235,58.09,89.739
2025-12-31,26129.6,23871.55,5213,57.528,89.832
2026-01-02,26328.55,24099.0,5155,57.42,89.975
2026-01-05,26250.3,24058.45,5270,58.444,90.181
2026-01-06,26178.7,24010.5,5210,57.01,90.101
2026-01-07,26140.75,24016.6,5041,56.418,89.822
2026-01-08,25876.85,23680.1,5163,58.46,89.865
2026-01-09,25683.3,23467.35,5352,58.799,90.211
2026-01-12,25790.25,23510.45,5335,59.832,90.09
2026-01-13,25732.3,23480.65,5515,61.142,90.236
2026-01-14,25665.6,23475.85,5564,60.713,90.222
2026-01-16,25694.35,23485.3,5423,59.474,90.662
2026-01-19,25585.5,23373.75,5422,59.64,90.853
2026-01-20,25232.5,22946.65,5517,59.697,91.069
2026-01-21,25157.5,22835.15,5569,60.889,91.5
2026-01-22,25289.9,23008.75,5440,59.758,91.53
2026-01-23,25048.65,22706.2,5630,61.477,91.635
2026-01-27,25175.4,22819.25,5705,62.732,91.438
2026-01-28,25342.75,23082.1,5802,63.617,92.0
2026-01-29,25418.9,23134.8,6032,65.55,91.751
2026-01-30,25320.65,23079.5,5930,65.883,91.641
2026-02-02,25088.4,22837.0,5625,62.448,91.255
2026-02-03,25727.55,23446.3,5709,64.003,90.374
2026-02-04,25776.0,23534.95,5891,64.632,90.355
2026-02-05,25642.8,23411.7,5746,63.172,90.295
2026-02-06,25693.7,23434.0,5824,63.575,90.555
2026-02-09,25867.3,23683.4,5870,64.484,90.712
2026-02-10,25935.15,23753.75,5800,64.247,90.538
2026-02-11,25953.85,23783.05,5896,64.99,90.712
2026-02-12,25807.2,23651.55,5686,63.02,90.525
2026-02-13,25471.1,23313.15,5723,62.853,90.505
2026-02-16,25682.75,23472.45,5791,63.73,90.733
2026-02-17,25725.4,23540.05,5642,62.369,90.606
2026-02-18,25819.35,23645.8,5903,65.091,90.755
2026-02-19,25454.35,23297.45,6029,66.815,90.998
2026-02-20,25571.25,23395.0,6057,66.479,90.681
2026-02-23,25713.0,23484.95,6045,66.416,90.991
2026-02-24,25424.65,23304.6,6008,66.2,90.877
2026-02-25,25482.5,23403.8,5989,65.688,90.853
2026-02-26,25496.55,23448.5,6053,65.567,90.953
2026-02-27,25178.65,23166.85,6092,67.324,91.026
2026-03-02,24865.7,22835.95,6497,71.472,91.535
2026-03-04,24480.5,22409.8,6937,76.207,92.077
2026-03-05,24765.9,22697.8,7316,78.894,91.737
2026-03-06,24450.45,22481.3,8363,91.083,91.908
2026-03-09,24028.05,22056.55,8788,84.958,92.112
2026-03-10,24261.6,22342.95,7421,86.522,91.94
2026-03-11,23866.85,22042.3,8107,88.471,92.187
2026-03-12,23639.15,21897.5,8804,96.424,92.337
2026-03-13,23151.1,21391.2,9052,98.836,92.49
2026-03-16,23408.8,21498.8,8720,94.879,92.214
2026-03-17,23581.15,21669.3,8871,96.878,92.355
2026-03-18,23777.8,21917.4,8998,100.752,92.991
2026-03-19,23002.15,21225.8,8936,96.12,92.872
2026-03-20,23114.5,21327.9,9258,99.681,93.652
2026-03-23,22512.65,20664.25,8345,90.178,93.173
2026-03-24,22912.4,21067.0,8736,89.19,93.983
2026-03-25,23306.45,21478.2,8499,92.674,93.865
2026-03-27,22819.6,21020.15,9395,102.033,94.757
2026-03-30,22331.4,20528.05,9805,106.189,94.333
2026-04-01,22679.4,20935.15,9253,99.92,93.186
2026-04-02,22713.1,20938.35,10408,112.898,92.993
2026-04-06,22968.25,21194.05,10588,113.515,93.04
2026-04-07,23123.65,21296.45,10669,111.821,92.839
2026-04-08,23997.35,22137.1,8861,97.049,92.322
2026-04-09,23775.1,22037.5,8933,98.832,92.438
2026-04-10,24050.6,22346.75,9153,96.087,93.048
2026-04-13,23842.65,22179.05,9253,98.384,93.366
2026-04-15,24231.3,22595.55,8576,92.555,93.407
